Country,2013_energy_consumption,2013_median_masked,2014_energy_consumption,2014_median_masked,2015_energy_consumption,2015_median_masked,2016_energy_consumption,2016_median_masked,2017_energy_consumption,2017_median_masked,2018_energy_consumption,2018_median_masked,2019_energy_consumption,2019_median_masked,2020_energy_consumption,2020_median_masked,2021_energy_consumption,2021_median_masked
Afghanistan,33.458687,88539.24677,28.416525,80624.77395,32.743607,70962.23082,29.883818,68843.09961,29.559513,78654.05785,33.907795,76735.72913,30.314272,77318.62501,27.393118,83072.22632,27.13513,74474.44059
Albania,38.665195,76485.93602,34.059666,77323.93904,34.083374,68207.23674,39.827103,63690.28101,36.862617,76753.60149,42.032387,78284.44195,33.29553,86872.20578,31.988321,94520.19355,40.252644,107396.4943
Algeria,536.9768,2553885.079,585.6132,2813663.4,617.5181,2892443,616.9958,3108984.175,623.7946,3112502.708,669.61975,2961495.938,694.3489,3024431.166,648.8988,2921227.111,707.6273,2751923.654
Angola,101.91877,171078.762,112.17697,179196.0552,116.99946,165254.1108,106.75158,239761.0818,101.83017,199745.3549,105.27903,213690.1486,118.654335,235159.1662,117.90763,221499.0717,96.311485,232253.7823
Argentina,981.39813,3241087.887,979.85767,3299328.657,996.94006,3419844.249,992.4242,3321434.459,991.3971,3564938.51,984.3456,3605563.339,927.35834,3644796.531,869.82855,3539068.568,958.46265,3514455.523
Armenia,43.05361,30217.93185,43.884068,28012.4296,40.660046,23464.5208,40.950134,24658.63358,43.64147,28482.66169,42.928493,27332.57089,45.634823,36015.50841,47.936787,39850.1998,49.357056,49347.28374
Australia,1555.586,1093657.638,1566.4581,1136374.401,1601.2705,1112124.023,1606.5027,1132140.528,1601.6459,1201266.146,1624.9872,1232465.471,1679.8438,1250380.36,1585.1263,1267036.147,1589.0751,1300788.857
Austria,410.85233,275121.9378,394.88925,282690.6936,396.38324,285822.6312,409.6511,290046.0537,417.56863,335503.4498,408.4021,338367.882,427.9604,339271.1966,400.14407,337761.8709,406.03314,382067.5157
Azerbaijan,154.21175,263563.0773,157.24129,262239.576,171.82614,246741.3367,170.19234,232910.9972,166.95396,240004.4699,176.16669,235126.1255,185.8906,250785.8209,184.92851,245911.3337,197.54944,263059.5035
Bahamas,12.594334,27046.6511,12.363687,26174.9595,11.819098,24785.35706,12.373412,22084.42511,14.754933,22628.65023,16.02692,21998.32143,16.035286,21217.71781,13.536436,19991.23901,14.459775,22137.99126
Bahrain,203.59215,131156.2553,201.82355,136167.2093,203.60542,141583.9137,203.15282,151597.866,209.00795,152367.8435,211.63669,155363.1838,232.19562,169755.6809,230.62811,181202.7276,235.74854,173744.1215
Bangladesh,306.46094,161440.0007,318.4197,158677.0025,385.0179,176085.3468,386.63824,159792.9091,402.8385,209006.5575,430.20114,218562.0164,482.46228,225079.4187,457.2916,234329.5935,492.38055,261865.4936
Barbados,7.385999,7716.416055,6.423336,7604.130592,6.83276,7453.36733,6.9711556,7418.761712,6.6088576,7899.834808,7.019272,8000.137837,7.0530257,8296.367482,6.0569825,7674.341344,6.475003,7758.909181
Belarus,294.2054,388269.5152,294.86273,327909.9783,266.9616,262025.1085,272.79758,273215.8277,277.83994,259767.7103,307.21524,307127.7908,308.7904,295474.4097,286.5444,277390.934,306.05542,397236.0399
Belgium,701.9301,872662.3504,650.87177,883859.3486,657.449,864947.7217,709.50476,877079.8481,716.0581,890940.6177,714.2254,918966.869,738.434,904736.0668,664.01184,899147.3814,738.3453,879426.5595
Belize,3.3377864,10886.89248,3.3195853,10852.7068,3.670005,10979.52236,3.6743054,10591.91066,4.083113,12392.16356,3.6473157,12600.27963,3.8457918,13241.60333,2.8539426,13598.04082,2.9753036,13963.38026
Benin,19.48076,13435.86426,20.595615,13309.47761,22.778463,14609.50833,27.778744,14577.35608,29.458447,17996.3874,32.67928,22136.81306,29.695702,22476.10999,31.843231,26740.91446,32.294933,32039.74927
Bhutan,17.94188,6806.811757,17.1782,6411.964941,17.990313,7262.738985,18.51358,6003.507884,18.394636,7067.361004,17.633875,7501.62167,20.914705,7304.020297,20.543457,7100.042441,21.603115,6919.751269
Bolivia,83.94523,219037.1315,84.83242,239375.7689,88.927635,269092.5148,92.095825,289689.9536,90.77874,316990.3388,93.88063,321303.6679,93.07756,324031.2176,78.06891,326042.5086,85.30703,326615.7255
Bosnia & Herzegovina,73.227455,113604.1923,70.906006,114046.4877,71.01475,117341.0415,72.58786,121394.0892,72.034004,144556.1816,73.24684,139652.6022,69.54784,151509.5249,64.59231,150787.8582,75.275955,172897.6638
Botswana,19.159739,41549.78584,19.243532,39105.37651,23.44811,39741.29834,25.792757,42254.48993,23.729675,48675.95879,23.526642,51546.51222,23.667168,57768.69904,22.518124,60382.38427,24.29339,62312.70034
Brazil,3473.9395,6616280,3564.4182,6915289.759,3516.9568,6723715.478,3432.1653,6758623.807,3462.9932,7405452.927,3475.9683,7509779.694,3532.9504,7384875.432,3394.3682,7425563.912,3570.6697,7678167.703
Bulgaria,198.10829,239544.034,211.55034,238443.4623,224.68042,237231.8114,213.11739,240875.1109,218.17448,295932.916,218.81418,277717.0839,211.5514,290184.4606,195.37389,304660.8415,221.89557,330295.2268
Burkina Faso,13.221638,23394.15641,12.312724,23442.70837,15.648824,24081.90933,15.036379,25226.47507,17.42735,29138.06849,19.380987,31098.33675,19.840307,33052.03957,18.917995,38059.99177,19.995071,43417.57458
Burundi,2.201248,2066.658538,2.058344,1691.371567,2.078433,1771.045148,2.2725782,1716.350552,2.754312,1601.440121,3.3419418,3003.364621,3.673369,3036.590949,3.5324557,3737.821641,3.6886592,5330.183704
Cambodia,27.991207,14486.03957,30.90454,16865.09563,35.448734,19263.44876,44.197952,20939.64237,46.705288,26647.7598,58.891613,31860.34564,65.95679,41311.95919,64.253365,48201.39312,66.93809,57483.68712
Cameroon,34.61895,25028.17433,43.29559,28874.02304,43.45693,31303.86601,42.342575,31221.06224,43.015976,37016.05119,43.80294,40950.44243,44.35206,42785.87062,46.57453,45014.55232,43.344273,50656.6868
Canada,3999.0527,6697564.853,4007.7463,5035178.548,4019.3127,4497209.835,3983.994,4447584.565,4038.1782,4731228.162,4090.1682,5046488.015,4067.8503,4938115.341,3821.6829,5102304.834,3866.976,4758430.889
Cape Verde,3.583382,3607.898492,3.8647695,4025.15486,3.818471,3918.827917,3.9881656,4236.05566,4.2311363,5500.430712,4.2816496,5899.110957,4.2608,6171.164985,4.049204,6017.395754,4.2622404,6017.186294
Central African Republic,0.9931126,993.3736629,1.1432436,879.4435953,1.4313644,1088.949086,1.5070812,1081.421962,1.5073513,1510.180551,1.5409663,1611.378607,1.5585275,1639.907518,1.4999926,1780.455222,1.561469,2029.849408
Chad,4.0028453,27644.46095,4.160346,25590.56404,4.218693,34323.35965,4.182099,34232.26144,6.732162,33182.10352,7.132974,27486.27693,7.389022,23943.63338,6.2003345,23343.89363,6.2046566,24360.78088
Chile,413.7593,662493.3357,409.53394,656229.7539,414.2298,659847.8114,433.90335,674418.2418,450.3469,713689.4913,468.27765,743639.6305,473.9787,762027.9835,442.47766,786550.9722,476.857,815451.192
China,33852.562,13078270.57,34729.066,12778510.05,35135.99,12867083.75,35277.71,13276351.75,36649.383,15677969.15,38409.645,16782565.49,40188.543,18311875.56,41493.71,19463712.17,43847.004,21789177.27
Colombia,485.0396,718082.906,510.58585,738667.6857,483.40317,771200.7239,544.61725,725589.9403,549.7021,807690.5195,558.41876,811681.2651,563.1924,796507.4584,512.58594,778703.0422,574.74524,795725.8642
Comoros,0.78530526,302.1850349,0.7014616,230.4963172,0.75678515,169.5208429,0.8873186,175.7008492,1.1367831,436.9625485,1.2369027,524.849745,1.3334004,428.3087605,1.2721838,453.8560413,1.342369,513.2442984
Costa Rica,55.670418,121339.3683,56.80869,126158.3329,59.283073,125634.5367,60.83589,119651.9483,63.17111,136859.0111,64.53538,138111.7619,66.162155,137287.4705,58.84567,133870.0294,61.628967,134405.1388
Croatia,96.07299,296359.8781,96.00875,309586.7686,91.01988,302619.687,94.73056,308140.9911,94.7834,346342.2801,98.16044,331420.8753,95.81319,334670.6284,91.37846,327630.9286,98.31208,345431.6111
Cuba,125.37503,146072.8289,127.56847,153565.3659,127.91406,162620.7756,99.81311,157481.2625,106.08925,174186.338,111.2338,170093.6857,108.710625,172182.8097,101.7874,163938.7077,103.89113,156158.4258
Cyprus,28.278452,89410.32408,28.294397,91811.89435,29.184475,92184.02593,31.736937,93713.14367,32.595684,101204.6507,32.462143,103394.3371,32.4935,97748.96978,28.281317,92683.74297,29.841984,94401.71608
Democratic People's Republic of Korea,118.56006,11703.00975,111.504944,8863.977782,98.72228,6738.629799,114.25802,7902.808157,93.33703,11793.06594,96.75321,10745.0908,98.323105,11663.12546,99.829216,13955.28219,99.5751,17736.25906
Democratic Republic of the Congo,30.831583,71895.37965,29.33179,75109.73563,29.581387,79298.06659,28.268084,75970.88424,21.170794,83168.27014,19.616518,90989.76495,16.009293,90422.81607,13.568663,90361.41056,13.7025585,88637.19458
Denmark,211.70235,254236.3511,203.5635,214483.7033,198.9746,208852.5194,201.60147,223686.55,202.98541,231939.6619,200.11829,249663.6257,196.04588,235453.0139,176.48528,248411.321,189.43509,290906.3969
Djibouti,3.7283626,2988.842974,4.138329,3169.500234,3.6496913,3558.3198,3.48905,4097.033018,3.1583176,5032.377911,3.3127282,5421.726712,3.059594,5612.377902,2.9453895,5610.321348,3.0790696,6137.854732
Dominica,0.7586231,811.7172029,0.78279257,831.5040839,0.8130677,893.6794569,0.850164,754.6621158,0.79398596,858.0215133,0.8187616,510.2529754,0.789469,828.4471283,0.7241603,1042.176087,0.76402795,994.5941922
Dominican Republic,91.43549,131171.4376,87.788315,138452.9564,97.34283,147865.404,103.54014,149056.2971,102.12164,169963.6187,112.90603,186747.192,120.77078,207299.4861,104.46019,217695.9622,111.04068,247669.9231
Ecuador,179.50916,353179.1291,188.56316,412847.6019,188.04614,430357.8174,187.40384,460336.1113,195.10971,489506.4649,206.38023,525891.7265,211.3331,543498.7494,182.8624,527853.9722,212.59688,581516.0488
Egypt,973.26874,2865036.835,961.9715,2742634.932,976.1081,2726074.628,1030.2607,2892477.053,1070.7452,2927601.736,1071.3456,2889530.912,1051.1061,2966753.718,989.0688,2837943.439,1058.7433,3121690.868
El Salvador,36.514393,41853.92527,37.35043,42303.29283,38.633717,46281.51104,38.950665,42879.34432,38.684814,51922.08193,41.71052,53563.77035,45.666763,51122.75372,42.259533,51477.49041,44.681767,56593.60731
Equatorial Guinea,33.239258,10290.66278,31.289293,12649.32133,27.943586,14256.80505,27.598911,12680.31414,30.995258,13895.10579,28.107082,14752.96753,27.40286,14116.0473,18.08033,12707.50243,20.266384,12785.60714
Eritrea,2.2805402,2387.048038,2.3813727,2166.414558,2.3641987,2058.772888,2.4062965,2008.606258,2.643787,2832.027779,3.018665,2949.55831,3.276569,2540.962049,3.1348097,2604.918399,3.3107688,2232.589415
Estonia,77.46338,201905.0598,74.16147,158058.829,68.6264,150780.647,70.76302,182822.2471,78.48448,166625.4696,77.879,192291.3482,62.760654,203377.8026,58.73331,162288.4325,61.401203,229479.2585
Ethiopia,61.418804,43817.54146,69.58626,47949.13812,73.31093,52999.79421,84.99689,50930.36119,86.0149,66205.21264,91.52436,60662.97018,105.21818,58846.74437,100.7959,66003.98774,104.836815,69814.4225
Fiji,6.8536205,3058.059358,7.2206216,3071.537056,7.5502286,3435.431212,7.4337616,3755.060224,8.07573,4989.347758,8.561964,5580.067403,8.649831,6042.06607,8.312041,6715.243495,8.527583,6510.52963
Finland,341.8005,2095488.419,329.82288,1321652.801,328.8933,1432129.036,334.08334,1906091.218,327.2159,1804154.254,333.84097,1839307.958,326.9818,2122184.162,313.94992,1725441.463,320.63977,2282718.617
France,2924.1458,4046971.631,2796.8435,4207457.48,2822.273,4156198.835,2765.4526,4055396.472,2754.9192,4093494.141,2788.956,4045405.279,2729.5625,3878285.298,2441.1663,3745398.357,2593.6248,3674596.589
Gabon,20.430458,50262.376,21.331526,47391.38645,20.505322,46973.40619,20.321144,42677.37721,21.514389,43946.84823,19.279465,54458.93384,16.65867,57597.0987,19.182198,55862.22454,18.752058,57854.16336
Gambia,2.0487888,3216.509994,2.2650769,3092.921197,2.3181598,3194.028257,2.336837,3256.097546,2.3769746,2976.901891,2.3929524,3393.15544,2.440309,3732.714786,2.330364,4510.411465,2.458489,5874.100017
Georgia,61.590626,115137.6856,64.329315,106951.1133,68.213394,105439.9687,72.10096,107343.472,71.68798,122380.8976,73.12045,118120.2916,74.13174,131868.2956,70.41069,143672.1875,78.29672,157097.7445
Germany,3868.517,2404186.51,3710.4646,2404096.308,3780.8599,2446303.276,3841.4512,2417987.08,3888.1333,2646277.398,3787.6824,2779119.932,3694.8396,2672161.315,3443.882,2737489.841,3544.581,2844990.683
Ghana,74.27885,123458.6473,75.372475,131684.4763,82.1962,125781.701,83.19528,174569.6499,83.3517,215969.0123,96.07844,251379.6496,98.84115,261304.1586,112.12157,329074.9981,114.36937,421328.0216
Greece,328.3033,653800.7889,307.91022,647088.1469,311.72308,642280.6116,306.9926,638788.6841,322.1973,742753.902,324.0658,724272.8119,316.8873,763744.6673,276.95612,792644.1354,302.5362,829350.3268
Grenada,1.3468796,1819.12551,1.138644,1654.627638,1.1850467,1624.031231,1.2207305,1543.058128,1.3271629,1680.695273,1.3067567,1684.759928,1.3078552,1622.601041,1.1029536,1594.245937,1.1754613,1581.9348
Guatemala,68.00804,112667.4536,71.687744,119324.6646,80.04745,121260.5031,87.28228,123523.4953,94.63285,146759.7076,97.299934,145656.4142,100.10175,145674.8028,99.5661,139904.6547,100.58174,150937.3543
Guinea,10.857174,7616.833903,11.221065,7157.256355,13.61675,8021.26987,15.340269,12382.78192,15.4381895,15159.07229,14.087817,18443.9502,15.476092,18318.87359,17.914892,20871.65141,17.34148,23566.98098
Guinea-Bissau,1.5058649,489.7397131,1.5821962,434.1883976,1.6366516,893.4032529,1.7039256,1006.100604,1.3791065,1057.032149,1.3856009,1044.427523,1.3854842,1134.201801,1.3230809,1127.178321,1.3957903,1368.06897
Guyana,8.391866,7929.444186,8.370713,8330.69791,8.49344,9313.237637,9.590764,10439.41965,9.509585,12207.6164,9.717782,12425.61272,11.330115,14209.49518,11.014605,16235.70552,11.014605,17620.05025
Haiti,11.038771,10158.22658,11.895988,10420.24366,13.570336,10057.00726,14.088038,9402.339743,13.984254,11198.35435,14.597323,11351.10642,13.217826,8923.101673,11.0476675,7433.007881,11.801085,8209.813366
Honduras,41.480186,96981.38257,45.447643,102968.2932,50.56032,106654.4454,49.596046,100282.4817,52.525883,128550.1692,57.746044,121249.3939,56.173466,121927.6768,51.09921,116332.1394,52.285263,116641.2773
Hungary,238.04141,365842.8119,238.26877,370276.287,251.03966,348265.0251,255.4948,361135.7407,269.29346,402325.3006,271.20258,406624.3778,274.8925,421003.2194,270.3273,419055.9311,283.95834,474560.5158
Iceland,58.71669,134605.2905,58.62973,104005.1254,61.207317,134037.5924,61.441673,126662.3867,64.24559,133684.7519,66.45856,107659.3903,63.328125,140081.007,58.08151,121746.8878,60.644577,119713.3727
India,7178.7197,7017538.145,7664.0034,7257727.462,7929.679,7680435.699,8284.972,7804456.154,8600.742,9281889.612,9088.107,9688536.46,9317.351,10082617.71,8828.374,10232760.38,9585.078,10772123.91
Indonesia,1809.8263,1058029.151,1839.6007,1108385.628,1866.1007,1251165.067,1896.8113,1267042.52,1967.7083,1446217.387,2151.6267,1635696.2,2299.6296,1711612.671,2163.7532,1731800.305,2214.0532,1930135.259
Iran (Islamic Republic of),2652.0325,4500627.041,2768.922,4895049.401,2735.8362,5087138.1,2884.797,6040462.527,2995.331,7034935.713,3095.9187,6780013.927,3263.9712,6063891.481,3387.9543,5987708.836,3322.0579,6761322.764
Iraq,470.12567,3830859.509,455.2057,4167864.691,447.09543,4906576.769,485.35147,5318010.605,567.4052,5593903.059,590.49176,5474173.679,639.68274,5575217.38,571.86237,5422664.848,592.7278,5763873.47
Ireland,164.99734,254367.4948,164.55302,286058.2034,173.913,288007.1734,181.63763,281292.5254,182.40254,285447.2727,186.47433,295588.2347,187.35852,282331.801,176.07672,286207.6959,179.446,280636.8652
Israel,267.18036,600000.0739,260.6474,634573.7021,275.05713,623056.9591,280.5702,648141.3765,285.68524,675761.3658,292.21167,695568.8618,301.50592,712967.3347,285.13525,709738.229,292.04428,768232.7471
Italy,1858.6002,4534687.623,1762.3201,4562068.042,1814.7657,4523184.34,1821.9315,4528345.509,1843.1206,4893660.827,1853.6401,4755221.139,1819.5557,4865318.25,1651.9623,4834741.317,1768.6172,4978783.031
Jamaica,35.42048,52846.78722,34.90134,50904.1798,35.997795,51756.03917,37.267353,51730.11764,33.539192,58072.97329,34.684174,58575.30363,43.29625,59940.59153,34.123722,59151.43736,34.59914,60820.95242
Japan,5575.617,2463901.795,5431.2173,2317188.494,5363.93,2264114.785,5295.605,2221828.758,5354.6772,2472237.346,5316.556,2458169.504,5205.5366,2462730.296,4825.2485,2390411.067,5037.4814,2484939.934
Jordan,98.46778,250344.0881,101.033775,281989.4368,109.15669,296375.3586,116.34625,335170.8206,120.371185,383667.9371,117.50013,436789.9217,120.44836,469284.3768,107.51725,454715.7917,102.37639,497942.1251
Kazakhstan,731.60547,1950217.795,769.1109,1991249.134,635.9098,1661998.494,711.3266,1270547.484,764.92584,1251932.255,789.19745,1171010.513,798.71204,1141961.039,735.9369,1127816.924,822.2053,1317583.61
Kenya,72.58364,57914.61217,75.852745,67362.72049,89.5755,83389.80861,94.18906,89322.49329,94.94264,122622.7447,102.26798,134311.435,99.16891,148405.6507,98.88311,142965.3445,103.50374,157846.701
Kiribati,0.24217412,11.28466951,0.24384083,14.12116293,0.26302695,21.00495418,0.28223434,9.384166444,0.3183175,18.1573036,0.32035,25.29592062,0.32211494,24.86250394,0.30576795,23.28336679,0.31533784,23.30919828
Kuwait,424.3276,569395.6474,413.6533,628369.3141,444.58252,575939.3856,442.9686,622456.8355,445.47583,593716.273,459.94553,640367.9187,420.26105,626305.5635,397.88113,643385.4644,424.15015,664307.2854
Kyrgyzstan,71.8661,95342.72167,73.127846,99960.02994,65.63956,92137.16979,66.99369,96811.28049,69.38583,121485.9406,73.30649,127023.7166,66.91757,144190.6078,67.0747,160167.8047,60.542263,169015.8713
Lao People's Democratic Republic,47.307285,29819.06219,48.08162,30977.40314,70.62649,35392.43898,120.128654,34202.6728,121.92248,45541.47052,126.88351,46656.93856,131.63283,45026.78057,143.98279,48249.03573,139.94064,54141.80471
Latvia,44.23667,130085.796,40.747486,108180.5081,41.74564,102637.5396,44.49915,116791.4212,48.978153,127759.6598,43.564484,134685.8529,44.83716,147376.1734,40.858128,118113.0447,42.6252,171468.601
Lebanon,89.2734,159552.8797,91.99911,167480.0679,101.51782,164644.5643,104.42425,180445.7676,111.53107,215286.8857,105.1971,221704.6979,106.661156,223802.3579,103.86615,185374.0623,105.31844,136760.0374
Lesotho,4.2373376,9648.161883,4.3456836,8404.327735,4.2430806,7617.939615,4.593167,7343.329862,4.89175,8737.449766,4.7961416,8596.792367,4.871765,10620.20341,4.7167816,10321.67182,4.8659377,10366.10677
Liberia,3.6788895,2455.219894,4.844483,2341.9127,4.862246,2463.222992,5.590125,2333.966247,4.831436,3200.455503,5.4881964,3725.784741,5.4879627,3730.545287,5.240454,4001.247112,5.528998,5307.324016
Libyan Arab Jamahiriya,231.87094,1106876.732,226.45312,945857.0198,180.20953,861081.0283,176.38931,847337.5291,199.04042,1018644.335,205.10458,1133217.283,212.98204,1163599.306,186.52736,718167.2687,190.40862,1335010.44
Lithuania,63.415512,137619.1965,61.20458,125000.6671,64.11229,116816.4636,65.726395,129442.9809,69.15024,152676.2645,70.969444,169516.0864,70.59712,170532.0318,70.29448,156210.9514,70.14949,222903.1017
Luxembourg,45.692364,53338.07662,44.27421,50589.72249,43.034466,51376.29136,42.459232,51711.83459,44.354897,53877.3947,46.43095,59129.22411,47.288246,55893.91091,40.540794,58203.71333,43.215237,59515.24744
Madagascar,14.159686,10159.87811,15.377752,10039.91714,16.817646,9555.085995,17.63125,9522.4384,16.164988,11603.69318,15.560264,11440.05642,18.68685,12238.79139,12.630883,12334.36129,14.678847,13746.70389
Malawi,9.690505,24645.99886,9.974371,23388.123,9.610899,23186.36734,10.123318,20005.05587,10.431984,22880.10971,9.962464,23948.12714,10.147229,23293.77379,9.751647,25374.9585,9.248383,28509.25833
Malaysia,1086.7379,838082.8606,1097.6155,928057.1936,1114.5746,948879.5435,1172.3032,1011875.464,1188.4774,1088438.305,1209.5756,1190468.121,1240.7814,1173601.356,1196.4292,1202117.077,1246.6495,1241000.305
Maldives,6.577692,99.34688984,8.817265,116.7405841,6.5987864,124.6445365,7.0005317,157.5550275,7.2642756,196.5525226,8.336382,197.9787836,9.367838,208.5805129,8.90442,199.9089378,9.214026,240.3532652
Mali,14.117615,20339.58233,15.7832155,21841.98672,17.25754,24191.91906,21.920076,27491.08484,23.833948,34882.94999,24.793644,37467.61233,25.333214,39393.83024,24.256605,43766.21712,25.59745,49538.51178
Malta,26.145313,22979.88652,26.757277,23341.47239,29.281233,23029.92518,32.549335,23138.75854,37.07361,24396.50682,38.70257,24222.46311,40.33273,24350.3656,37.139946,24733.96128,39.150482,24891.75212
Mauritania,9.61238,12761.3854,11.508354,13961.96463,11.6624155,14944.16609,10.890152,17894.33252,16.321316,22204.12988,17.400463,26475.1174,18.18961,28411.07298,17.476068,27115.96943,18.407001,30359.62035
Mauritius,22.076933,14498.20386,22.75332,14281.24771,23.596943,13863.06859,24.530706,14312.15142,26.913525,16334.36129,28.407331,16806.23393,29.555481,17189.70286,24.976973,17259.22883,25.62087,18232.94015
Mexico,2242.8577,3791292.775,2230.574,3789100.316,2205.4211,3677717.386,2253.398,3714576.915,2293.2642,4010131.44,2265.2773,4019267.952,2241.414,4197602.88,2041.9174,4409108.195,2175.8943,4828571.788
"Moldova, Republic of",44.53569,35844.40284,42.5979,39660.12255,38.07466,34315.68372,38.05067,34373.99018,38.688618,39500.76929,41.25079,47667.2725,41.943604,50522.61616,40.321323,57105.01448,49.003654,77688.3321
Mongolia,58.388344,54932.20156,57.184326,52322.2862,56.871716,50830.03644,59.658356,54269.78929,65.15187,61121.65263,71.14611,65227.27191,78.48155,75043.78479,67.12849,88519.25164,75.01601,92382.45826
Montenegro,14.504869,36166.786,12.961574,36869.00757,13.335471,38517.12355,13.316369,37532.26911,12.434129,43386.12535,13.799068,42592.30098,12.898393,43908.25312,11.286774,43596.74699,11.891775,48759.18262
Morocco,213.97916,616724.9693,217.02507,663300.1387,220.8588,707948.0554,223.32423,750142.1261,233.80072,845076.2498,241.81398,831556.7388,263.84097,908693.6485,242.53397,908378.3006,269.05447,909448.2934
Mozambique,70.08058,72381.70543,77.782234,78424.40712,82.61792,81121.00956,84.95021,80877.2441,85.286446,91053.19552,70.11783,93370.5604,74.10616,94754.34508,70.10905,99942.46036,71.891975,111125.1655
Myanmar,103.47361,98495.30429,120.964806,106111.294,112.87985,115573.9978,129.81372,116174.6729,167.52669,155544.1097,172.26006,181793.348,169.58122,200525.2666,170.05164,228434.4225,164.88298,255036.8615
Namibia,20.532598,40100.13065,21.837519,40412.2386,22.858814,42446.24318,22.909967,45769.01551,23.574385,53625.85067,23.27655,54424.36304,22.642365,55558.94806,22.303202,57004.36909,22.134443,57461.19769
Nauru,0.28915864,179.2702705,0.31222987,305.6783611,0.33247906,282.9685816,0.3648832,307.5789699,0.28691924,336.8199022,0.33700904,351.9009054,0.27236113,296.5727883,0.2608771,365.5616579,0.27083334,392.3360423
Nepal,27.945059,23390.60652,30.193071,26376.45646,27.033157,29082.33915,39.73368,25777.31174,45.509377,36229.96305,49.9894,38735.56218,49.032063,45527.07657,49.24105,53719.03632,48.285286,65526.16066
Netherlands,1062.885,1617694.92,1016.3307,1568495.189,1026.0321,1455030.957,1044.014,1499754.734,1052.2062,1461933.927,1026.7698,1480842.252,1022.32947,1443724.546,990.14575,1346550.113,1014.6149,1291189.903
New Zealand,239.56792,170818.4647,250.67665,173513.8027,252.19344,172934.9938,255.68533,168911.7113,259.8468,184007.1407,258.47,176924.4623,263.68475,179641.9042,239.25703,179426.3411,235.5494,173013.8398
Nicaragua,24.426323,41937.50463,25.913784,45074.14448,28.355658,46517.26969,28.442665,47923.50374,28.35997,58097.64483,28.144852,62182.6954,28.157967,58376.3317,28.629322,59411.03523,29.219433,57471.36287
Niger,10.34247,19460.87509,9.81472,20692.43725,10.3649645,16105.24243,9.681235,15529.03919,9.415173,17985.52675,10.389251,20294.77662,10.982877,22660.29394,10.765667,26126.76584,10.34748,30636.88813
Nigeria,444.87653,709788.2404,485.73407,677124.796,459.22278,746912.2024,469.5742,565846.721,456.4197,702432.0021,488.3947,829913.5425,504.77087,781075.8484,509.3741,735077.2449,543.7368,742988.3207
Norway,524.0741,1232193.509,542.8855,801361.9959,550.1978,968025.4943,558.5242,1102048,561.08185,1205856.752,552.5391,1220390.128,516.76984,1295432.059,557.34674,1002192.829,568.4789,1325778.268
Oman,317.48486,747115.8514,315.79758,827481.6672,337.249,842963.3998,338.48645,899927.2781,353.37772,932642.485,375.74258,938957.0492,373.15045,938448.8249,360.4911,841207.2494,393.38873,838170.108
Pakistan,751.74243,779758.1835,775.93536,728739.8453,815.85895,710708.6727,542.20074,740652.3499,940.99817,966552.4579,971.03046,1019429.81,982.5163,1005483.382,977.2168,1014074.704,1083.7913,1098310.02
Panama,100.602745,77387.67913,102.87565,81042.53287,112.3791,87238.61509,118.755165,85893.69455,127.71585,102044.4098,130.1864,108360.2087,117.984116,112164.4935,118.70061,113849.6574,117.77596,113346.5053
Papua New Guinea,22.518286,20611.73925,23.83847,34897.79104,27.527002,25340.79334,29.219704,28304.06154,28.238922,25123.38052,29.388498,26107.60842,30.149662,27464.44742,21.09696,32263.53892,21.12761,33180.11346
Paraguay,141.21852,258272.9192,133.65765,271631.4279,137.09798,282460.4889,154.90407,295829.3983,148.94304,343068.9816,149.09532,347298.7408,129.97318,335933.5787,122.400375,376401.5102,105.80124,420937.8747
Peru,262.58148,424107.0133,268.82904,418828.8681,281.66946,419236.6901,298.93784,501116.9393,303.5903,488492.2894,318.42453,510674.0675,326.58514,561726.1005,287.86343,534079.6078,327.408,578730.2831
Philippines,384.94003,201377.4825,404.6579,217122.8803,443.82196,238707.254,484.6147,243893.9749,531.86365,268696.9401,549.69855,304732.6458,566.12146,316014.246,513.7529,323672.7934,545.51025,340499.5994
Poland,1131.3181,2448725.652,1089.3545,2251130.469,1103.0131,2133080.846,1150.2451,2206723.479,1208.289,2362574.135,1222.0825,2534060.95,1187.2677,2477917.998,1139.2343,2381336.503,1224.7583,2874547.304
Portugal,289.6614,978895.821,291.7736,1000873.044,289.52225,999367.6975,309.8667,1000921.552,301.87787,1051942.822,307.7067,1008590.809,293.05664,1022916.244,265.24768,911064.2408,266.48996,916555.2454
Qatar,482.34198,520039.6888,521.48706,565644.9406,593.3197,599643.1277,582.5708,631552.6564,564.08673,698701.1447,558.8765,751947.8301,583.49774,815019.9481,511.53665,848886.1442,541.8489,875489.0437
Republic of Korea,3225.866,1576220.151,3252.673,1456228.362,3309.5176,1495229.37,3407.431,1536229.993,3445.8071,1711276.418,3503.0505,1770499.71,3462.6758,1803460.483,3346.965,1843427.771,3506.508,1917880.345
Romania,369.5765,614010.6065,379.1164,615538.1071,381.13568,575932.0465,381.0851,601284.0465,387.93585,689141.3495,392.05106,718432.0344,383.81754,735727.8428,369.48853,788479.092,390.003,903006.7552
Russian Federation,8032.5254,22324054.71,8057.7617,17490971.82,7930.555,16059758.3,8086.0635,17836946.43,8135.742,18496746.75,8432.208,20425156.7,8370.03,22266082.15,8078.97,21985048.48,8335.356,24204380.78
Rwanda,4.3376565,8794.264422,4.586371,9424.929472,5.078819,9849.508497,5.124537,10146.09846,5.6115375,13014.34914,6.1547008,14032.35606,6.7457433,14165.31436,6.532406,16683.45801,6.3453274,20817.80087
Saint Kitts and Nevis,1.0313666,1734.498612,1.0442275,1871.662539,1.0690248,1936.892285,1.0972828,1886.760968,1.096758,2130.920062,1.109576,2337.962197,1.1092261,2376.303466,0.93629295,2200.143947,0.9955214,2193.98087
Saint Lucia,1.8109919,4917.590518,1.8287804,4783.228027,1.8412378,4830.19751,1.8611505,4579.805642,2.017484,5066.954447,1.8545495,4863.676647,2.7253225,5008.680912,2.296203,5043.968151,2.4433672,4959.671701
Saint Vincent and the Grenadines,0.9423633,872.294331,0.97102666,816.9855442,0.9954189,855.767982,0.99340993,835.4591225,1.1439728,1002.236664,1.0528235,1022.555295,0.9069623,1034.409313,0.81501937,998.226804,0.8603289,926.2051233
Samoa,1.2030401,361.3772361,1.2231327,376.2314039,1.4193091,396.8757683,1.5122826,467.0846914,1.5256896,626.2729348,1.5136653,739.4545414,1.631313,785.0349319,1.5522943,969.5838758,1.5975583,1098.568795
Sao Tome and Principe,0.61556506,810.2543638,0.6155105,929.7225329,0.6436711,1178.031539,0.66496056,1213.321192,0.676261,1418.964893,0.6657166,1437.373087,0.73365,1353.927382,0.70130306,1373.582686,0.7385749,1431.440813
Saudi Arabia,2731.2205,5428921.132,2931.7173,5913749.717,3056.6255,6532688.9,3179.844,6896247.078,3181.8193,7354944.039,3101.6775,7491703.874,2967.3794,7562559.693,2886.4114,7419641.301,2981.9167,7504765.51
Senegal,28.785759,26451.18425,31.947577,29831.58462,37.051647,31667.90285,35.844208,32856.92547,38.039948,40801.47509,39.58574,44872.11038,44.056408,50535.27781,41.623035,56680.36977,42.279724,69367.08208
Serbia,190.3472,448969.392,169.54901,472928.6578,187.72292,461260.0705,192.31615,474928.6075,196.76714,533273.5588,196.85847,549293.8872,196.88872,592649.3352,192.86804,591830.458,201.68896,654868.8714
Seychelles,3.7422965,1258.131384,4.3764224,1251.07543,4.535706,1366.75643,5.050324,1277.96586,5.2665887,1427.537608,4.6721234,1498.405461,4.778491,1413.456271,4.612663,1405.2503,4.891292,1531.051635
Sierra Leone,4.8245325,2332.143524,5.30554,2659.344808,4.3349442,2488.863731,4.432782,2594.410775,4.4046493,3142.024086,4.4665146,3622.976629,4.1280594,3763.491055,3.9566472,3942.24544,4.1479893,4330.198474
Singapore,812.4909,106301.6873,828.2924,114365.9969,878.4029,112739.7323,926.7514,114706.3981,950.00244,114444.9238,950.5948,119335.919,929.6794,119779.5224,910.51807,119597.1067,910.7139,113255.036
Slovakia,194.58702,198955.0605,181.1199,184445.2985,182.98993,182315.7586,184.74371,188845.5129,194.5947,210989.189,191.29565,212243.3369,184.84892,214000.9254,181.1254,213478.2614,195.22316,245166.3624
Slovenia,80.778595,81119.67313,82.86102,83536.512,74.71551,80638.71738,79.85814,81918.11648,80.720924,93130.36911,82.39095,90961.45723,80.00229,90184.05384,77.29536,88243.74684,76.58192,98673.03448
Solomon Islands,1.6141902,419.5928608,1.5197262,276.8498682,1.3884337,266.1222956,1.3345238,281.9028441,1.3268349,320.1783914,1.3894602,346.6054313,1.3684785,390.2252965,1.2975992,422.0050609,1.3393546,448.7651056
Somalia,3.416206,3276.027568,3.416448,3815.132185,3.5448291,4576.671924,3.6269844,4884.662135,3.627606,6628.022851,3.6413927,8124.222596,3.6369123,10095.72906,3.5074317,12460.32543,3.7102253,16000.10897
South Africa,1430.1221,1536408.763,1446.7012,1545236.454,1417.7021,1497756.983,1482.439,1512279.465,1476.9373,1625064.553,1421.1741,1617892.612,1485.7,1639809.506,1392.8961,1619231.746,1406.0925,1596462.714
South Sudan,6.313152,4130.614113,6.5313106,3586.140444,8.003829,3992.906442,7.7284136,3475.936382,6.7726936,4132.558189,6.9831424,4287.100549,7.8094916,4359.738084,7.4576077,5282.661224,7.8676186,6236.325001
Spain,1578.5305,3645546.199,1554.2189,3639208.144,1573.1444,3525653.099,1582.9133,3455089.916,1602.0426,3629795.756,1628.6714,3549138.492,1583.871,3632815.973,1422.96,3468611.966,1530.2695,3587302.564
Sri Lanka,79.214134,44660.24825,85.89107,48232.89574,91.3002,54557.52107,100.87174,56423.1423,106.731476,68325.23411,112.36916,72398.2594,113.03538,80814.09421,106.000435,85634.76702,109.63753,91123.5227
Sudan,85.83844,127433.4011,88.02482,124518.1513,91.00936,150082.6389,105.69049,145312.8857,107.986336,169742.8953,107.29716,179327.2867,106.3234,174543.8623,105.689606,204888.482,105.80567,200203.9944
Suriname,11.753048,20207.8928,11.440299,21865.43063,10.527559,22325.98955,10.940309,20705.71596,12.749405,23643.28312,12.877228,23235.42073,12.984192,24034.43892,12.3576,25111.18399,12.43448,25050.40778
Sweden,603.5434,1752205.669,600.7766,1171737.767,622.0618,1282327.837,609.4006,1501147.727,631.34283,1488415.032,609.1949,1652975.665,625.81903,1623262.242,600.27936,1317985.164,633.67957,1786529.707
Switzerland,359.14597,257672.144,344.43954,246296.0598,336.3216,251566.2202,316.24518,246802.1599,316.9949,267456.4745,321.45792,258922.2314,335.947,257165.0003,308.59106,250037.45,298.0824,256308.9349
Syrian Arab Republic,154.28238,273000.6765,137.03278,206500.43,122.00345,158724.6094,118.85896,174577.6166,119.593094,248988.6451,139.97821,233899.9768,123.70372,298461.6017,115.59429,284673.724,117.437904,255870.4864
Tajikistan,61.830788,65481.10431,63.163795,51154.59428,63.24625,66616.22347,65.10699,67895.95905,66.41349,78610.82727,70.850876,77238.82804,75.084435,87698.40126,74.622086,96861.75939,74.83101,91768.08193
Thailand,1312.8635,1055166.86,1357.1696,1122511.188,1377.446,1222979.446,1405.5717,1263582.736,1432.6826,1475970.875,1478.3762,1559558.451,1479.7451,1627356.723,1375.7584,1725549.265,1386.81,1954639.612
The former Yugoslav Republic of Macedonia,30.12023,68428.69995,27.962751,70437.46849,29.476517,70336.87503,30.59213,66974.86791,29.433117,78356.97417,30.42636,74376.81039,31.057503,80329.87883,27.707994,82619.95249,28.997852,90984.84615
Timor-Leste,1.9007002,4448.479387,2.1808667,4159.458199,2.13834,4427.910124,2.0929565,3932.622434,2.134672,5261.77914,2.1638384,5737.626711,2.1804886,5519.346251,2.0667233,6731.559315,2.1339822,5550.710002
Togo,9.597932,10130.91175,8.328414,11771.11156,6.4887404,15050.58947,8.692368,16444.60982,8.421565,19275.31532,10.085071,21300.96557,10.749471,20852.69034,9.730233,24057.82592,9.645073,30675.19492
Tonga,0.5056593,352.2038538,0.54864866,350.1167282,0.5736207,402.6798515,0.6066782,404.9802841,0.7202176,649.9567441,0.6288607,636.8732523,0.7203973,746.027885,0.68865055,885.7805374,0.7102787,982.9569905
Trinidad and Tobago,228.57895,111264.8184,228.8344,109490.6823,221.63606,111057.8432,195.77258,103761.1475,207.06696,106640.9187,194.03856,112315.5285,195.2032,114731.5599,169.34329,114114.9007,173.1243,110244.859
Tunisia,98.607254,307466.4501,108.65896,338034.6691,112.222084,339541.8727,112.01615,358965.5925,118.58322,408167.1639,121.81989,418013.1317,122.03721,445549.8383,112.99091,446520.9305,116.7936,465471.2415
Turkey,1412.1876,2935003.769,1454.355,2965477.209,1589.0212,3155628.21,1669.2389,3417829.989,1787.3416,4127557.824,1787.8729,4311593.624,1849.1666,4661038.335,1821.7764,4871252.809,1951.1511,5239880.961
Turkmenistan,268.03357,794240.5994,283.70267,726048.5919,322.79703,722540.6483,349.10052,720995.5805,324.88077,747281.9613,366.50565,683809.4355,349.90903,624646.7114,439.79727,643418.4971,443.09784,610842.6703
U.K. of Great Britain and Northern Ireland,2376.7168,2957333.671,2246.046,3013207.371,2281.359,3015814.25,2243.5447,2806240.708,2249.0764,2692039.929,2246.8015,2709955.838,2199.0686,2575560.075,1971.1879,2541087.7,1990.9581,2563910.81
Uganda,22.977688,18567.23427,26.487562,18757.90337,26.524347,20024.03843,29.64469,19082.0417,32.298073,26129.91048,34.92294,26940.15806,34.858654,31644.31043,34.032326,34425.15039,35.162792,41372.99314
Ukraine,1369.5685,1054729.205,1208.3707,1007035.747,1003.4079,837292.0616,1049.9954,921917.0438,975.3309,1020128.901,1011.9886,1096682.686,957.66315,1074472.633,918.4516,1113962.059,934.7169,1356390.479
United Arab Emirates,1133.2446,1214839.687,1130.8772,1254530.829,1227.7888,1251796.707,1276.3125,1242526.655,1215.4445,1256037.962,1150.513,1329661.728,1219.0671,1384403.171,1204.6757,1397174.704,1246.315,1502629.849
United Republic of Tanzania,48.820095,44713.3354,51.073086,47839.42347,52.658886,52383.77913,57.78317,56163.43987,52.416847,71798.79861,56.283737,78336.16679,57.2517,82019.22896,56.37248,96296.01504,57.700302,125623.6044
Uruguay,62.865517,190419.2355,64.683334,191212.61,66.68303,204312.8516,67.64129,198594.4656,65.31021,212908.2187,66.96002,216605.6739,68.516846,222242.0792,60.45974,226692.8871,62.75864,225736.2443
Uzbekistan,544.20325,535861.091,567.4339,492682.8658,538.7107,442341.5374,522.3972,439146.5409,535.0315,459801.1798,540.08813,442479.4243,542.1058,479001.7095,539.9758,512507.6324,565.7743,611034.3918
Vanuatu,0.6384758,5631.843166,0.72912383,10723.34629,0.6867209,9682.18177,0.69276536,19413.17092,0.77244866,9821.070481,0.99481606,11801.53104,0.96026534,1040.008367,0.9112493,884.1328478,0.94385636,712.1619809
Venezuela,1037.0094,3422521.677,1013.23816,3747594.856,969.30066,3441408.33,890.0844,3097518.794,872.97437,2471591.404,727.8724,2469398.657,656.968,3140459.92,527.86017,2327586.175,604.086,2521660.691
Vietnam,659.4035,1020747.264,728.0775,1102215.641,826.4728,1321548.088,898.7783,1245592.331,963.6317,1510933.508,1083.2736,1992225.735,1202.6356,2121572.638,1204.3934,1730289.154,1208.5538,1972914.381
Yemen,102.48065,313602.6303,97.00695,291997.1497,52.38784,93230.41304,41.93655,80710.29757,38.71062,114184.0604,36.047256,119074.0436,46.562454,159900.7172,35.254242,171426.1925,35.62147,198586.94
Zambia,48.72951,97816.92844,52.302757,96786.70857,50.614338,98770.40517,47.732758,101618.2449,55.389618,121536.0021,62.3282,115148.6954,54.84517,103159.207,58.65856,102752.5496,66.57597,110947.5759
Zimbabwe,55.37839,52762.83301,54.603966,46530.47512,54.65108,45611.43318,46.64871,44390.27878,45.256546,51374.01267,51.80943,49930.6158,46.11994,46998.62032,41.99676,47014.54592,42.145393,55878.77408
antigua & barbuda,2.9079623,4448.472927,2.9732518,4754.297724,3.0433478,4815.410277,3.0876482,4434.46169,2.9374938,4820.213785,3.0266554,4817.382245,3.0427258,4303.587196,2.5749125,4198.668747,2.7469301,4379.647852
czech republic,490.22104,573343.4976,479.9369,548050.0354,470.71613,551579.7501,464.37427,548599.5424,490.5819,615770.0208,489.02423,628551.3037,477.90494,622312.5235,442.5676,606364.5017,466.40598,675664.5337
