Country,2013_energy_consumption,2013_minimum,2014_energy_consumption,2014_minimum,2015_energy_consumption,2015_minimum,2016_energy_consumption,2016_minimum,2017_energy_consumption,2017_minimum,2018_energy_consumption,2018_minimum,2019_energy_consumption,2019_minimum,2020_energy_consumption,2020_minimum,2021_energy_consumption,2021_minimum
Afghanistan,33.458687,190723.041,28.416525,23251.57196,32.743607,45458.31746,29.883818,-1799.889819,29.559513,660310.8408,33.907795,540716.7044,30.314272,515204.3649,27.393118,494106.9792,27.13513,793066.2141
Albania,38.665195,60118.65317,34.059666,55260.7964,34.083374,36758.32222,39.827103,28535.00467,36.862617,64700.65679,42.032387,67515.01253,33.29553,77333.42529,31.988321,90211.41479,40.252644,103411.2743
Algeria,536.9768,1640148.17,585.6132,1346978.374,617.5181,1584108.185,616.9958,1753514.447,623.7946,3502846.839,669.61975,3365836.099,694.3489,2825205.886,648.8988,2814143.685,707.6273,4125851.414
Angola,101.91877,-422387.2221,112.17697,-628616.9532,116.99946,-579804.2572,106.75158,-514820.4246,101.83017,371841.067,105.27903,403698.6683,118.654335,265585.5435,117.90763,588849.2097,96.311485,793181.0134
Argentina,981.39813,1960397.843,979.85767,1435469.96,996.94006,1393023.584,992.4242,937440.3185,991.3971,3912258.609,984.3456,3782925.893,927.35834,3546115.348,869.82855,3848893.258,958.46265,4339578.308
Armenia,43.05361,31307.8786,43.884068,17621.77877,40.660046,2971.778228,40.950134,-276.6041745,43.64147,32946.01673,42.928493,36602.11287,45.634823,39726.06372,47.936787,51985.99301,49.357056,68348.70513
Australia,1555.586,-1734923.145,1566.4581,-5287842.338,1601.2705,-3747521.296,1606.5027,-3360562.795,1601.6459,2069033.14,1624.9872,2949636.534,1679.8438,2052473.801,1585.1263,1870604.081,1589.0751,5104649.107
Austria,410.85233,204880.8455,394.88925,166905.4777,396.38324,161563.9151,409.6511,166234.8368,417.56863,315357.9398,408.4021,300476.949,427.9604,291449.5123,400.14407,269724.8907,406.03314,349974.0359
Azerbaijan,154.21175,206338.4625,157.24129,141886.9735,171.82614,75851.75325,170.19234,66605.30294,166.95396,225579.274,176.16669,225242.9398,185.8906,243294.4964,184.92851,238287.5859,197.54944,345835.7209
Bahamas,12.594334,17615.35804,12.363687,16616.13943,11.819098,15955.88908,12.373412,6966.531369,14.754933,19923.28352,16.02692,22659.80846,16.035286,17226.38933,13.536436,16076.0006,14.459775,24515.11746
Bahrain,203.59215,106298.7105,201.82355,111269.1849,203.60542,118760.7607,203.15282,124653.8606,209.00795,126184.1347,211.63669,125987.5584,232.19562,134918.5216,230.62811,139717.1708,235.74854,144494.5126
Bangladesh,306.46094,113782.297,318.4197,91184.56513,385.0179,148558.0967,386.63824,110007.6022,402.8385,225015.6146,430.20114,255771.3227,482.46228,231005.7594,457.2916,228754.2361,492.38055,345480.7966
Barbados,7.385999,5551.208383,6.423336,5815.416035,6.83276,5789.262313,6.9711556,5732.824119,6.6088576,6225.32768,7.019272,6262.790645,7.0530257,6463.042187,6.0569825,5942.238616,6.475003,6245.180864
Belarus,294.2054,282217.1357,294.86273,63841.94986,266.9616,137279.1758,272.79758,124721.8287,277.83994,382667.1676,307.21524,422744.1106,308.7904,412884.5802,286.5444,259098.2239,306.05542,404137.4095
Belgium,701.9301,603853.6639,650.87177,607744.2255,657.449,579219.4137,709.50476,623496.6944,716.0581,591455.4458,714.2254,663603.1313,738.434,611999.0046,664.01184,602794.5822,738.3453,604931.4586
Belize,3.3377864,1587.493649,3.3195853,696.5037978,3.670005,3696.415977,3.6743054,-2830.327155,4.083113,12509.50904,3.6473157,16614.82151,3.8457918,13211.23061,2.8539426,7196.560199,2.9753036,21545.75978
Benin,19.48076,-33353.59309,20.595615,-45202.29276,22.778463,-6847.100358,27.778744,-41946.11801,29.458447,27335.32557,32.67928,51863.84387,29.695702,17158.15903,31.843231,28726.18114,32.294933,95256.48795
Bhutan,17.94188,484.0501758,17.1782,-8037.628195,17.990313,9866.623166,18.51358,-8208.607843,18.394636,20177.31605,17.633875,22351.23424,20.914705,17412.71811,20.543457,1659.349196,21.603115,33990.92582
Bolivia,83.94523,-366346.4112,84.83242,-398894.8899,88.927635,-406614.3972,92.095825,-395039.1908,90.77874,422032.4047,93.88063,463006.0472,93.07756,282581.8747,78.06891,505846.1622,85.30703,826566.4665
Bosnia & Herzegovina,73.227455,86122.41908,70.906006,68141.09471,71.01475,55785.83002,72.58786,69776.0466,72.034004,133675.275,73.24684,123613.4893,69.54784,141819.7878,64.59231,134890.1044,75.275955,161106.3833
Botswana,19.159739,-190996.0671,19.243532,-337351.0803,23.44811,-321256.1261,25.792757,-271814.1317,23.729675,161822.2245,23.526642,175497.8407,23.667168,107372.531,22.518124,191256.1197,24.29339,365516.7733
Brazil,3473.9395,1628391.019,3564.4182,759755.6105,3516.9568,1062968.966,3432.1653,1020256.529,3462.9932,7467676.93,3475.9683,8131516.045,3532.9504,6702374.068,3394.3682,8461413.389,3570.6697,10676344.08
Bulgaria,198.10829,190808.3361,211.55034,145495.2524,224.68042,96374.57236,213.11739,139536.2368,218.17448,278151.5155,218.81418,249375.593,211.5514,275563.0304,195.37389,251830.148,221.89557,336539.9707
Burkina Faso,13.221638,-88755.69886,12.312724,-100573.8388,15.648824,-23040.75152,15.036379,-106737.713,17.42735,46836.96767,19.380987,121642.7002,19.840307,21328.91132,18.917995,50774.99346,19.995071,199315.662
Burundi,2.201248,-7683.221139,2.058344,-9801.528458,2.078433,-7535.759597,2.2725782,-13931.42607,2.754312,9154.419247,3.3419418,11009.47927,3.673369,5104.424849,3.5324557,16299.21953,3.6886592,21172.34461
Cambodia,27.991207,-77661.11191,30.90454,-141477.5641,35.448734,-22693.46485,44.197952,-109052.2505,46.705288,39977.72448,58.891613,35552.08842,65.95679,20030.01392,64.253365,48091.93015,66.93809,149881.2229
Cameroon,34.61895,-206716.9711,43.29559,-237221.9648,43.45693,-61758.14253,42.342575,-226610.1458,43.015976,91943.33267,43.80294,172449.3036,44.35206,47169.70982,46.57453,75394.93558,43.344273,287674.3924
Canada,3999.0527,27381598.54,4007.7463,22926246.27,4019.3127,31689019.56,3983.994,25063810.87,4038.1782,43326589.21,4090.1682,33316726.52,4067.8503,35317830.82,3821.6829,32184405.97,3866.976,36670130.78
Cape Verde,3.583382,738.1951325,3.8647695,1702.823754,3.818471,2071.242645,3.9881656,821.3483398,4.2311363,4035.905125,4.2816496,4765.919709,4.2608,4228.984538,4.049204,3746.264429,4.2622404,5853.758034
Central African Republic,0.9931126,-317458.7209,1.1432436,-388226.6721,1.4313644,-161992.3767,1.5070812,-349744.669,1.5073513,91811.34447,1.5409663,198251.4503,1.5585275,21698.54376,1.4999926,198811.4359,1.561469,316977.0356
Chad,4.0028453,-445155.6533,4.160346,-722402.3808,4.218693,-155931.4764,4.182099,-569829.9368,6.732162,291250.5904,7.132974,490759.8777,7.389022,160941.9107,6.2003345,182035.3441,6.2046566,763578.7767
Chile,413.7593,337966.735,409.53394,187842.9526,414.2298,86825.66017,433.90335,87849.61403,450.3469,833674.046,468.27765,852033.1575,473.9787,778933.7075,442.47766,862176.3405,476.857,1078264.963
China,33852.562,9942433.303,34729.066,6088404.746,35135.99,7643679.357,35277.71,6409499.902,36649.383,16714301.99,38409.645,17378865.71,40188.543,18031146.8,41493.71,17911251.47,43847.004,23822272.66
Colombia,485.0396,53773.95256,510.58585,-316587.4949,483.40317,134409.0269,544.61725,-112995.5044,549.7021,746138.8925,558.41876,908851.969,563.1924,641031.8775,512.58594,725456.1113,574.74524,1129729.538
Comoros,0.78530526,-682.6029493,0.7014616,-793.295901,0.75678515,-974.8995474,0.8873186,-901.0506596,1.1367831,435.6036314,1.2369027,737.3216068,1.3334004,232.3067062,1.2721838,1048.098458,1.342369,1272.597233
Costa Rica,55.670418,68622.49909,56.80869,69533.77763,59.283073,78435.90393,60.83589,66650.45118,63.17111,105912.4967,64.53538,108993.3306,66.162155,101177.8603,58.84567,98301.23679,61.628967,119233.722
Croatia,96.07299,199248.8258,96.00875,202374.8569,91.01988,190852.1095,94.73056,210087.8198,94.7834,281509.6414,98.16044,276099.6388,95.81319,273243.879,91.37846,229898.1697,98.31208,293213.6851
Cuba,125.37503,77234.42023,127.56847,78311.73267,127.91406,100854.922,99.81311,73184.47,106.08925,149873.0903,111.2338,168760.6325,108.710625,155592.5635,101.7874,125389.8429,103.89113,180553.5207
Cyprus,28.278452,66082.8517,28.294397,70025.09983,29.184475,71007.51326,31.736937,69690.03584,32.595684,84337.16275,32.462143,84472.78652,32.4935,79648.66095,28.281317,72123.68371,29.841984,78388.05976
Democratic People's Republic of Korea,118.56006,26050.04735,111.504944,-81270.65006,98.72228,-49054.70836,114.25802,-57782.51994,93.33703,82926.76165,96.75321,68393.5558,98.323105,77587.94393,99.829216,87415.74852,99.5751,137557.0443
Democratic Republic of the Congo,30.831583,-778608.5986,29.33179,-1032867.303,29.581387,-699363.8624,28.268084,-1040381.748,21.170794,596819.7931,19.616518,807006.1303,16.009293,204962.97,13.568663,897230.8563,13.7025585,1273771.034
Denmark,211.70235,179570.8727,203.5635,94924.14107,198.9746,131550.2947,201.60147,156472.3584,202.98541,190879.4292,200.11829,200981.7225,196.04588,209614.4404,176.48528,187754.1202,189.43509,228134.5027
Djibouti,3.7283626,-8683.996654,4.138329,-14902.71274,3.6496913,-1836.914447,3.48905,-12509.66361,3.1583176,5112.846467,3.3127282,9823.716705,3.059594,5092.257521,2.9453895,5368.337947,3.0790696,13483.10973
Dominica,0.7586231,273.9232893,0.78279257,25.26051356,0.8130677,434.7093764,0.850164,185.2587821,0.79398596,325.5965716,0.8187616,453.4509735,0.789469,628.3713673,0.7241603,762.6608442,0.76402795,1056.958378
Dominican Republic,91.43549,83624.03734,87.788315,75923.57774,97.34283,105460.4282,103.54014,87959.77048,102.12164,130184.7599,112.90603,155286.1714,120.77078,169149.5343,104.46019,155503.8491,111.04068,213104.4164
Ecuador,179.50916,165981.199,188.56316,143421.2993,188.04614,231068.0899,187.40384,195672.4228,195.10971,399412.4169,206.38023,449601.3651,211.3331,413420.6397,182.8624,410744.7973,212.59688,567697.0743
Egypt,973.26874,2121051.151,961.9715,1615627.517,976.1081,1927837.299,1030.2607,1960649.923,1070.7452,2754357.878,1071.3456,2748954.65,1051.1061,2704966.882,989.0688,2511679.911,1058.7433,3191602.984
El Salvador,36.514393,24629.89282,37.35043,21804.4624,38.633717,32256.71891,38.950665,23350.05385,38.684814,42795.89659,41.71052,45917.42401,45.666763,42265.87599,42.259533,41098.03333,44.681767,51674.26256
Equatorial Guinea,33.239258,-1622.521085,31.289293,459.2146135,27.943586,5100.439067,27.598911,-4159.445295,30.995258,14141.34496,28.107082,19038.75426,27.40286,12475.91041,18.08033,10851.55802,20.266384,26749.59807
Eritrea,2.2805402,-51054.2152,2.3813727,-113377.6527,2.3641987,-24588.431,2.4062965,-78349.88647,2.643787,12411.61379,3.018665,28581.80549,3.276569,13823.96672,3.1348097,2299.501737,3.3107688,54688.27037
Estonia,77.46338,117077.8495,74.16147,38290.88598,68.6264,72059.73756,70.76302,96586.82519,78.48448,156285.0196,77.879,145597.6331,62.760654,184488.6475,58.73331,138547.5735,61.401203,177279.0311
Ethiopia,61.418804,-535710.6569,69.58626,-890794.1368,73.31093,-216494.7373,84.99689,-712082.5129,86.0149,193699.19,91.52436,358371.8281,105.21818,62740.11421,100.7959,72666.89192,104.836815,532934.2998
Fiji,6.8536205,-4264.506547,7.2206216,-9032.772006,7.5502286,-7647.385522,7.4337616,-5934.647874,8.07573,7394.314383,8.561964,7885.874904,8.649831,5432.402436,8.312041,7438.075609,8.527583,14344.51884
Finland,341.8005,1566258.803,329.82288,1215670.604,328.8933,1527121.599,334.08334,1596133.436,327.2159,2008800.66,333.84097,1498563.254,326.9818,1658262.882,313.94992,1742481.098,320.63977,1745888.415
France,2924.1458,2866531.624,2796.8435,2819587.414,2822.273,2876356.215,2765.4526,2690280.697,2754.9192,3177186.616,2788.956,3104694.246,2729.5625,2920222.106,2441.1663,2839247.581,2593.6248,3074972.95
Gabon,20.430458,-42035.67062,21.331526,-68238.722,20.505322,-51875.85399,20.321144,-103028.8471,21.514389,78884.68059,19.279465,109348.9861,16.65867,48928.32456,19.182198,113222.7563,18.752058,168484.4949
Gambia,2.0487888,-1962.013085,2.2650769,-2899.345563,2.3181598,1062.363208,2.336837,-2754.437773,2.3769746,3435.911083,2.3929524,5654.650002,2.440309,3788.075585,2.330364,2558.103819,2.458489,11056.23285
Georgia,61.590626,107332.8638,64.329315,59301.89488,68.213394,39884.66844,72.10096,39578.91612,71.68798,123276.7322,73.12045,110050.925,74.13174,131962.336,70.41069,149296.1207,78.29672,170973.0268
Germany,3868.517,1643486.908,3710.4646,1587837.354,3780.8599,1659739.252,3841.4512,1669707.785,3888.1333,2032334.458,3787.6824,2099459.918,3694.8396,2177490.919,3443.882,2028157.269,3544.581,2210582.988
Ghana,74.27885,2278.180946,75.372475,21249.97477,82.1962,53648.01838,83.19528,30655.56233,83.3517,202879.1635,96.07844,267914.2582,98.84115,211601.457,112.12157,292698.9129,114.36937,478013.8021
Greece,328.3033,490994.3248,307.91022,434263.2111,311.72308,431077.6635,306.9926,435711.942,322.1973,605224.0246,324.0658,601172.0143,316.8873,621699.8437,276.95612,662720.6155,302.5362,707152.7476
Grenada,1.3468796,1242.902275,1.138644,1047.975008,1.1850467,1158.433821,1.2207305,1087.213502,1.3271629,1308.096049,1.3067567,1267.084472,1.3078552,1256.153709,1.1029536,1201.711133,1.1754613,1311.061896
Guatemala,68.00804,55414.30389,71.687744,48266.13666,80.04745,72108.02647,87.28228,45270.97762,94.63285,125414.7185,97.299934,140170.1469,100.10175,124365.1009,99.5661,102017.2266,100.58174,177511.5215
Guinea,10.857174,-73668.64477,11.221065,-102787.4454,13.61675,-36824.00538,15.340269,-94292.06988,15.4381895,82693.33824,14.087817,101481.5804,15.476092,51172.94107,17.914892,60209.29963,17.34148,190207.8731
Guinea-Bissau,1.5058649,-14250.82061,1.5821962,-16271.44684,1.6366516,-4708.69206,1.7039256,-17504.88168,1.3791065,6593.501165,1.3856009,8717.257229,1.3854842,3498.121821,1.3230809,450.8574856,1.3957903,21058.57134
Guyana,8.391866,-78923.91664,8.370713,-151315.1693,8.49344,-75294.84192,9.590764,-130544.7233,9.509585,23787.49417,9.717782,57256.09575,11.330115,16658.29429,11.014605,40551.03899,11.014605,106402.58
Haiti,11.038771,-2560.782889,11.895988,-10974.4603,13.570336,915.6795078,14.088038,-9189.474985,13.984254,11462.23931,14.597323,17284.35852,13.217826,8289.297531,11.0476675,5993.570956,11.801085,19420.11973
Honduras,41.480186,39803.55234,45.447643,32855.35325,50.56032,51430.46528,49.596046,21942.57595,52.525883,110175.7961,57.746044,121716.781,56.173466,106552.8906,51.09921,94371.48006,52.285263,140440.0102
Hungary,238.04141,270314.9099,238.26877,233162.9194,251.03966,193457.5224,255.4948,255797.1685,269.29346,375243.4734,271.20258,370008.0856,274.8925,376556.9423,270.3273,297898.1875,283.95834,449117.6597
Iceland,58.71669,449757.1319,58.62973,398466.6167,61.207317,728772.51,61.441673,577906.281,64.24559,678563.5755,66.45856,480690.8129,63.328125,361554.3028,58.08151,549913.0803,60.644577,524564.713
India,7178.7197,4184690.34,7664.0034,3826974.994,7929.679,5205566.537,8284.972,4496606.156,8600.742,7007647.828,9088.107,7706425.969,9317.351,7463561.316,8828.374,7439992.187,9585.078,9330466.313
Indonesia,1809.8263,263579.6381,1839.6007,-25696.7644,1866.1007,758989.0142,1896.8113,364005.1992,1967.7083,1767243.913,2151.6267,2082284.952,2299.6296,1571020.94,2163.7532,1809486.694,2214.0532,2480498.804
Iran (Islamic Republic of),2652.0325,3036996.723,2768.922,2740515.782,2735.8362,3228949.232,2884.797,3217750.213,2995.331,5633666.282,3095.9187,4830687.717,3263.9712,4828894.767,3387.9543,4663563.422,3322.0579,5984023.955
Iraq,470.12567,1851266.437,455.2057,1867026.511,447.09543,2321137.745,485.35147,2624658.129,567.4052,2970433.411,590.49176,2862355.417,639.68274,2963792.082,571.86237,3124846.208,592.7278,3625572.056
Ireland,164.99734,223507.8044,164.55302,186699.2578,173.913,228758.8086,181.63763,202737.25,182.40254,260392.1388,186.47433,316815.8465,187.35852,301194.8472,176.07672,252472.7664,179.446,282214.0342
Israel,267.18036,472627.4544,260.6474,503740.6424,275.05713,486936.6311,280.5702,519131.3773,285.68524,547746.7263,292.21167,563618.9115,301.50592,581453.1996,285.13525,564151.3117,292.04428,609050.2966
Italy,1858.6002,3181546.494,1762.3201,3317012.225,1814.7657,3287480.94,1821.9315,3259514.008,1843.1206,3913773.313,1853.6401,3721518.145,1819.5557,3801964.325,1651.9623,3743702.414,1768.6172,3826887.91
Jamaica,35.42048,38851.97816,34.90134,36226.28742,35.997795,40526.50021,37.267353,37358.71021,33.539192,45825.5732,34.684174,48150.59755,43.29625,48589.13678,34.123722,43359.72093,34.59914,51530.75148
Japan,5575.617,1809205.128,5431.2173,1459757.051,5363.93,1563008.093,5295.605,1527504.283,5354.6772,1956809.345,5316.556,1965484.822,5205.5366,2042847.014,4825.2485,1851490.768,5037.4814,2046393.841
Jordan,98.46778,177961.603,101.033775,188234.614,109.15669,214882.6325,116.34625,237887.6629,120.371185,353278.7369,117.50013,352639.3027,120.44836,401383.8693,107.51725,349209.2565,102.37639,437654.7524
Kazakhstan,731.60547,2414905.921,769.1109,-229549.4738,635.9098,-74554.03084,711.3266,-341319.7663,764.92584,3900574.813,789.19745,3533866.017,798.71204,3756899.052,735.9369,2484698.561,822.2053,4078751.035
Kenya,72.58364,-177080.1295,75.852745,-268339.5939,89.5755,-67430.84796,94.18906,-196963.8984,94.94264,230605.4717,102.26798,319553.4687,99.16891,147116.606,98.88311,144710.494,103.50374,414787.98
Kiribati,0.24217412,-206.1302821,0.24384083,-304.6537052,0.26302695,-174.7974356,0.28223434,-264.9976248,0.3183175,20.99333811,0.32035,98.4984489,0.32211494,5.28939012,0.30576795,27.33107744,0.31533784,190.5188221
Kuwait,424.3276,373629.6943,413.6533,397801.0648,444.58252,376683.7948,442.9686,421035.9354,445.47583,438710.1155,459.94553,420223.0625,420.26105,464770.5504,397.88113,476346.1556,424.15015,509659.1478
Kyrgyzstan,71.8661,141910.7715,73.127846,57502.08447,65.63956,-23283.11535,66.99369,-24580.15021,69.38583,215633.7837,73.30649,196990.0516,66.91757,228637.9405,67.0747,324109.1487,60.542263,372902.8947
Lao People's Democratic Republic,47.307285,-86671.66747,48.08162,-164028.1944,70.62649,-5880.297757,120.128654,-126520.9541,121.92248,61046.32365,126.88351,62268.26684,131.63283,6795.560715,143.98279,20281.80622,139.94064,168118.1835
Latvia,44.23667,92144.40148,40.747486,-6551.10542,41.74564,58310.16026,44.49915,54469.63662,48.978153,139241.4378,43.564484,143884.2182,44.83716,181529.7368,40.858128,106897.9683,42.6252,151883.3003
Lebanon,89.2734,95276.82993,91.99911,113970.7422,101.51782,107314.0446,104.42425,123436.2071,111.53107,155367.2272,105.1971,164777.1757,106.661156,165147.8461,103.86615,129506.2138,105.31844,78460.03091
Lesotho,4.2373376,4713.361803,4.3456836,-10127.78637,4.2430806,-11366.6135,4.593167,-5933.49163,4.89175,19329.26308,4.7961416,15777.90789,4.871765,15080.25047,4.7167816,20826.06604,4.8659377,26665.10552
Liberia,3.6788895,-31987.87419,4.844483,-25595.78105,4.862246,-9754.794639,5.590125,-48506.52331,4.831436,24090.77444,5.4881964,26354.51449,5.4879627,1630.897279,5.240454,-899.5800235,5.528998,64936.91151
Libyan Arab Jamahiriya,231.87094,638316.8263,226.45312,87372.90965,180.20953,372085.8523,176.38931,310565.2826,199.04042,1730372.922,205.10458,1689146.638,212.98204,1316956.646,186.52736,1068169.573,190.40862,2366362.461
Lithuania,63.415512,97884.28149,61.20458,30626.4875,64.11229,73483.46321,65.726395,65534.23488,69.15024,160851.7813,70.969444,169994.7568,70.59712,177994.1601,70.29448,125882.8564,70.14949,179880.5581
Luxembourg,45.692364,30179.22808,44.27421,31056.63766,43.034466,32539.85973,42.459232,33486.86829,44.354897,30615.96307,46.43095,34659.20931,47.288246,34181.85234,40.540794,31743.97324,43.215237,35311.5765
Madagascar,14.159686,-266833.7343,15.377752,-284097.676,16.817646,-311879.8684,17.63125,-267111.7954,16.164988,169851.8239,15.560264,171582.3239,18.68685,44980.9015,12.630883,175950.1846,14.678847,357713.5886
Malawi,9.690505,-38636.98314,9.974371,-49078.42986,9.610899,-45207.85513,10.123318,-44439.83156,10.431984,39354.42326,9.962464,50346.27774,10.147229,29601.62792,9.751647,47523.12626,9.248383,87680.79989
Malaysia,1086.7379,422900.6592,1097.6155,559745.0601,1114.5746,637622.1868,1172.3032,645926.0478,1188.4774,926858.9607,1209.5756,1090223.725,1240.7814,904695.6995,1196.4292,1007426.76,1246.6495,1094457.595
Maldives,6.577692,52.41288052,8.817265,53.64093827,6.5987864,81.26557969,7.0005317,88.06989606,7.2642756,135.1671571,8.336382,134.3249941,9.367838,148.121851,8.90442,142.0482238,9.214026,176.7851964
Mali,14.117615,-279269.077,15.7832155,-413331.5765,17.25754,-58827.95341,21.920076,-433256.0215,23.833948,323144.0221,24.793644,589576.5625,25.333214,181501.1275,24.256605,233660.7947,25.59745,920253.7561
Malta,26.145313,17569.73456,26.757277,18979.263,29.281233,17667.39433,32.549335,18762.11579,37.07361,19966.55813,38.70257,19122.27438,40.33273,20083.48829,37.139946,19515.01844,39.150482,19205.4801
Mauritania,9.61238,-109761.8956,11.508354,-206339.9555,11.6624155,12527.19686,10.890152,-231565.7666,16.321316,425829.8363,17.400463,560489.746,18.18961,239053.3719,17.476068,160789.2062,18.407001,828885.6069
Mauritius,22.076933,9338.738521,22.75332,9701.467862,23.596943,9873.997049,24.530706,10236.71428,26.913525,12356.71009,28.407331,12648.03279,29.555481,12919.64671,24.976973,12972.09471,25.62087,14220.77895
Mexico,2242.8577,2230251.974,2230.574,2187279.065,2205.4211,2110819.277,2253.398,1991023.891,2293.2642,3404048.957,2265.2773,3879403.904,2241.414,3444165.078,2041.9174,3003138.719,2175.8943,4713963.533
"Moldova, Republic of",44.53569,24954.0712,42.5979,20430.84751,38.07466,13389.56581,38.05067,17826.95489,38.688618,54316.31863,41.25079,62770.88962,41.943604,63309.93621,40.321323,48558.8641,49.003654,88975.7539
Mongolia,58.388344,649415.3859,57.184326,-753636.0125,56.871716,-593125.4278,59.658356,-643735.1376,65.15187,1295663.247,71.14611,1240772.026,78.48155,1468357.994,67.12849,1016921.315,75.01601,1813443.863
Montenegro,14.504869,28097.81312,12.961574,24602.27354,13.335471,22126.35191,13.316369,19385.47834,12.434129,38159.82779,13.799068,34517.20979,12.898393,39146.90535,11.286774,40424.80471,11.891775,49030.98774
Morocco,213.97916,506640.9384,217.02507,468290.4677,220.8588,508276.0575,223.32423,576475.7973,233.80072,941611.9326,241.81398,914634.9611,263.84097,850071.8714,242.53397,899774.3545,269.05447,1115261.135
Mozambique,70.08058,-284347.5702,77.782234,-373300.3663,82.61792,-388354.2407,84.95021,-327286.0412,85.286446,240741.3953,70.11783,278016.8943,74.10616,117992.9327,70.10905,332158.4408,71.891975,506967.3937
Myanmar,103.47361,-152238.7138,120.964806,-373332.4194,112.87985,29795.35131,129.81372,-301821.4089,167.52669,243825.7985,172.26006,285386.3089,169.58122,153153.68,170.05164,99174.13373,164.88298,590184.1939
Namibia,20.532598,-217740.2483,21.837519,-469772.1167,22.858814,-434348.3659,22.909967,-390082.4806,23.574385,238976.5153,23.27655,231280.4904,22.642365,146513.7523,22.303202,202950.0223,22.134443,490755.179
Nauru,0.28915864,98.4034859,0.31222987,156.9314076,0.33247906,164.5996003,0.3648832,181.6797205,0.28691924,183.4401823,0.33700904,201.8569385,0.27236113,177.1046377,0.2608771,218.8131667,0.27083334,234.8363095
Nepal,27.945059,12863.77044,30.193071,-21158.97198,27.033157,48370.65934,39.73368,-13816.87835,45.509377,113245.1962,49.9894,108876.7584,49.032063,101996.6237,49.24105,73368.20719,48.285286,176559.5999
Netherlands,1062.885,965246.3189,1016.3307,781091.0721,1026.0321,731062.2307,1044.014,806510.7933,1052.2062,744516.2428,1026.7698,771998.9305,1022.32947,820253.1128,990.14575,700009.5249,1014.6149,747877.7064
New Zealand,239.56792,134291.8853,250.67665,-23498.3925,252.19344,-9349.808056,255.68533,29324.81235,259.8468,280311.0142,258.47,220434.9639,263.68475,210695.1853,239.25703,256513.8623,235.5494,303023.0619
Nicaragua,24.426323,-11841.93814,25.913784,-26638.94012,28.355658,-7218.991982,28.442665,-33894.03174,28.35997,61985.77193,28.144852,80203.62072,28.157967,54003.68599,28.629322,34508.64064,29.219433,106452.8694
Niger,10.34247,-265166.0962,9.81472,-601489.9448,10.3649645,-37280.43858,9.681235,-425528.4569,9.415173,287272.5607,10.389251,500238.2643,10.982877,232614.5576,10.765667,24014.05914,10.34748,812934.2514
Nigeria,444.87653,-47981.5366,485.73407,-243698.7374,459.22278,187323.1604,469.5742,-142786.559,456.4197,495343.6295,488.3947,681402.0891,504.77087,419464.5468,509.3741,497400.4532,543.7368,989690.9625
Norway,524.0741,1686059.236,542.8855,1306134.97,550.1978,1652533.497,558.5242,1774695.803,561.08185,2114736.978,552.5391,1773335.804,516.76984,1583229.707,557.34674,1825053.876,568.4789,1993097.562
Oman,317.48486,382269.807,315.79758,291299.0738,337.249,556532.8384,338.48645,408041.3151,353.37772,679376.6628,375.74258,686115.0434,373.15045,644268.8138,360.4911,526426.1569,393.38873,705479.3721
Pakistan,751.74243,490816.0167,775.93536,324394.8478,815.85895,517754.9087,542.20074,367979.0526,940.99817,1157029.776,971.03046,1140025.573,982.5163,1057054.798,977.2168,1012411.265,1083.7913,1460214.486
Panama,100.602745,21376.19327,102.87565,15184.19835,112.3791,36812.27912,118.755165,18233.13858,127.71585,79781.20473,130.1864,94909.19957,117.984116,79559.53186,118.70061,81745.73578,117.77596,111089.8841
Papua New Guinea,22.518286,-120481.7538,23.83847,-350776.4033,27.527002,-140354.6208,29.219704,-220910.1093,28.238922,122612.6607,29.388498,138568.4717,30.149662,67480.85469,21.09696,117068.3938,21.12761,236122.5603
Paraguay,141.21852,93874.602,133.65765,71005.26361,137.09798,51183.18294,154.90407,68525.88197,148.94304,396189.2854,149.09532,390300.4823,129.97318,290173.9757,122.400375,461808.0615,105.80124,572246.2769
Peru,262.58148,-289097.7479,268.82904,-571899.9857,281.66946,-406736.1406,298.93784,-381073.3261,303.5903,506094.2431,318.42453,660936.5168,326.58514,415346.0141,287.86343,676241.4279,327.408,967037.5005
Philippines,384.94003,54560.62087,404.6579,-61371.97499,443.82196,100095.1722,484.6147,13948.29887,531.86365,220822.2077,549.69855,290452.7718,566.12146,272610.7375,513.7529,255416.8857,545.51025,422741.284
Poland,1131.3181,1654928.681,1089.3545,1373615.054,1103.0131,1281575.644,1150.2451,1445693.226,1208.289,1788978.58,1222.0825,1925294.294,1187.2677,1973900.384,1139.2343,1711382.41,1224.7583,2251012.969
Portugal,289.6614,694195.185,291.7736,606794.6526,289.52225,714181.33,309.8667,699465.1116,301.87787,799483.4171,307.7067,755456.8671,293.05664,672865.4682,265.24768,704200.9123,266.48996,725011.7638
Qatar,482.34198,376132.8277,521.48706,413440.5219,593.3197,442628.2845,582.5708,462263.1736,564.08673,511058.5368,558.8765,583371.1373,583.49774,615359.0498,511.53665,655892.5692,541.8489,703486.4997
Republic of Korea,3225.866,1160359.102,3252.673,1021953.984,3309.5176,1023283.834,3407.431,1061019.19,3445.8071,1221587.314,3503.0505,1355254.692,3462.6758,1384280.122,3346.965,1276915.264,3506.508,1398851.492
Romania,369.5765,467726.4506,379.1164,384691.4384,381.13568,329405.3596,381.0851,386587.6748,387.93585,641977.6676,392.05106,648460.6788,383.81754,687135.8598,369.48853,596093.386,390.003,844879.5585
Russian Federation,8032.5254,47358688.75,8057.7617,34816363.29,7930.555,48689086.67,8086.0635,38465674.76,8135.742,68258105.52,8432.208,53957742.77,8370.03,54094015.57,8078.97,47247169.18,8335.356,61109226.62
Rwanda,4.3376565,-2236.002084,4.586371,-2377.738101,5.078819,1673.064064,5.124537,-2892.543386,5.6115375,16145.58466,6.1547008,20235.58707,6.7457433,13962.32489,6.532406,24639.70211,6.3453274,31096.23878
Saint Kitts and Nevis,1.0313666,1176.932888,1.0442275,1364.74105,1.0690248,1421.381351,1.0972828,1303.977754,1.096758,1554.103686,1.109576,1670.552266,1.1092261,1773.275968,0.93629295,1574.719673,0.9955214,1550.169208
Saint Lucia,1.8109919,3455.493797,1.8287804,3212.835899,1.8412378,3491.1908,1.8611505,3183.5729,2.017484,3710.544981,1.8545495,3633.661517,2.7253225,3789.120644,2.296203,3662.350612,2.4433672,3922.466739
Saint Vincent and the Grenadines,0.9423633,532.9031526,0.97102666,416.8863483,0.9954189,536.7124603,0.99340993,506.2334621,1.1439728,747.1197491,1.0528235,805.2927095,0.9069623,811.8787289,0.81501937,706.3441284,0.8603289,804.4871283
Samoa,1.2030401,-721.7403844,1.2231327,-1832.919199,1.4193091,-1221.240126,1.5122826,-1349.569567,1.5256896,1097.923094,1.5136653,1403.170903,1.631313,738.7388185,1.5522943,1443.502848,1.5975583,2210.759664
Sao Tome and Principe,0.61556506,140.7263237,0.6155105,251.197744,0.6436711,382.6065278,0.66496056,396.5558909,0.676261,1282.305806,0.6657166,1106.365781,0.73365,931.0164344,0.70130306,938.0840637,0.7385749,1397.0498
Saudi Arabia,2731.2205,3903105.96,2931.7173,3532268.228,3056.6255,5001577.251,3179.844,4564685.048,3181.8193,6411109.844,3101.6775,6447058.199,2967.3794,6437088.732,2886.4114,6133987.892,2981.9167,7215672.213
Senegal,28.785759,-55004.03023,31.947577,-62385.25522,37.051647,8315.349694,35.844208,-63111.39809,38.039948,65145.41148,39.58574,94769.78529,44.056408,58762.52047,41.623035,27431.85362,42.279724,169880.6362
Serbia,190.3472,314668.7434,169.54901,335246.4318,187.72292,297788.4152,192.31615,333450.016,196.76714,431191.1414,196.85847,428515.1362,196.88872,487163.7437,192.86804,391188.8365,201.68896,515492.7374
Seychelles,3.7422965,619.0414848,4.3764224,642.6928645,4.535706,736.3070595,5.050324,695.4853401,5.2665887,944.53583,4.6721234,914.0242024,4.778491,837.0563477,4.612663,927.0120689,4.891292,1049.764381
Sierra Leone,4.8245325,-29395.38886,5.30554,-24853.83548,4.3349442,-12408.65548,4.432782,-33608.23912,4.4046493,20849.49441,4.4665146,23105.15358,4.1280594,8289.228527,3.9566472,6510.873642,4.1479893,51637.24689
Singapore,812.4909,98664.546,828.2924,92340.89447,878.4029,76265.87938,926.7514,93679.19446,950.00244,92669.05046,950.5948,99435.91986,929.6794,96415.76724,910.51807,96733.84613,910.7139,95469.50113
Slovakia,194.58702,151090.3287,181.1199,95787.37344,182.98993,98680.90993,184.74371,114051.6965,194.5947,197844.647,191.29565,190947.8498,184.84892,182531.8501,181.1254,162209.6225,195.22316,229032.4357
Slovenia,80.778595,55434.29537,82.86102,48070.57935,74.71551,52322.4768,79.85814,51277.28694,80.720924,79124.55208,82.39095,74979.9775,80.00229,68379.24117,77.29536,65272.5521,76.58192,86144.0419
Solomon Islands,1.6141902,-10129.19302,1.5197262,-19541.37383,1.3884337,-14704.16818,1.3345238,-16026.41363,1.3268349,1451.703692,1.3894602,3403.940667,1.3684785,-266.1312432,1.2975992,740.8524658,1.3393546,12479.07785
Somalia,3.416206,-299305.5964,3.416448,-334176.7132,3.5448291,-66965.27848,3.6269844,-405750.2633,3.627606,119629.9954,3.6413927,225756.0538,3.6369123,-17559.12901,3.5074317,19407.3657,3.7102253,277628.8606
South Africa,1430.1221,992334.6437,1446.7012,429908.8121,1417.7021,556944.3308,1482.439,705027.4913,1476.9373,1671255.321,1421.1741,1564323.266,1485.7,1555645.473,1392.8961,1555137.289,1406.0925,1931659.837
South Sudan,6.313152,-276458.033,6.5313106,-518847.0845,8.003829,-172332.0032,7.7284136,-352761.1767,6.7726936,111293.7038,6.9831424,203369.5611,7.8094916,14849.20775,7.4576077,129646.3543,7.8676186,298864.341
Spain,1578.5305,2674142.172,1554.2189,2574233.815,1573.1444,2443038.159,1582.9133,2376046.326,1602.0426,2950705.576,1628.6714,2866770.52,1583.871,2914591.563,1422.96,2779863.148,1530.2695,3044517.476
Sri Lanka,79.214134,14347.17054,85.89107,21650.40111,91.3002,43487.10104,100.87174,18840.71777,106.731476,65255.99989,112.36916,79784.20967,113.03538,71579.38432,106.000435,79522.44915,109.63753,102368.579
Sudan,85.83844,-547440.5615,88.02482,-1322620.231,91.00936,-187896.2645,105.69049,-926093.0114,107.986336,438563.6839,107.29716,710491.2993,106.3234,348420.253,105.689606,345934.2118,105.80567,1090425.459
Suriname,11.753048,-45639.72418,11.440299,-84868.11012,10.527559,-32512.83304,10.940309,-82829.99001,12.749405,22796.52611,12.877228,58242.08708,12.984192,27376.22454,12.3576,43344.16675,12.43448,86578.24743
Sweden,603.5434,1700063.665,600.7766,930817.2596,622.0618,1668824.375,609.4006,1649613.839,631.34283,2183467.249,609.1949,1814277.827,625.81903,1825486.385,600.27936,1750746.805,633.67957,2068829.593
Switzerland,359.14597,152544.9078,344.43954,168679.0523,336.3216,169826.4402,316.24518,150276.0365,316.9949,210782.4923,321.45792,198987.8431,335.947,191097.9859,308.59106,198856.8916,298.0824,214119.8492
Syrian Arab Republic,154.28238,157173.8588,137.03278,88865.41282,122.00345,73451.77914,118.85896,53162.38902,119.593094,261222.8461,139.97821,282540.1995,123.70372,264481.1596,115.59429,227872.2064,117.437904,358572.8768
Tajikistan,61.830788,77009.06586,63.163795,38017.83713,63.24625,8763.634168,65.10699,4681.923421,66.41349,166383.7548,70.850876,164230.4288,75.084435,167246.9728,74.622086,211175.8386,74.83101,226700.8109
Thailand,1312.8635,674111.3356,1357.1696,566078.1732,1377.446,885531.4233,1405.5717,764665.0678,1432.6826,1242534.358,1478.3762,1287438.753,1479.7451,1301448.978,1375.7584,1383154.655,1386.81,1752169.002
The former Yugoslav Republic of Macedonia,30.12023,51591.90883,27.962751,43612.11888,29.476517,37513.94123,30.59213,38284.65986,29.433117,65189.48436,30.42636,65222.47555,31.057503,69893.20917,27.707994,74760.16166,28.997852,87108.9938
Timor-Leste,1.9007002,-1798.798023,2.1808667,-7731.013431,2.13834,-2034.304415,2.0929565,-3672.302312,2.134672,5879.378338,2.1638384,9015.914423,2.1804886,5112.690971,2.0667233,7419.788012,2.1339822,12132.83005
Togo,9.597932,-13105.2128,8.328414,-11538.00609,6.4887404,3515.951757,8.692368,-9602.704615,8.421565,25766.68427,10.085071,35226.97757,10.749471,18205.78277,9.730233,31401.28977,9.645073,60620.46537
Tonga,0.5056593,133.8097786,0.54864866,17.5378554,0.5736207,60.69150936,0.6066782,89.66587602,0.7202176,498.067705,0.6288607,503.8690801,0.7203973,551.6832274,0.68865055,685.7977773,0.7102787,804.9330686
Trinidad and Tobago,228.57895,80866.32187,228.8344,82617.52884,221.63606,82506.63488,195.77258,78417.69732,207.06696,82808.326,194.03856,87043.57011,195.2032,92229.84998,169.34329,90655.81931,173.1243,86294.65829
Tunisia,98.607254,243661.73,108.65896,272905.7896,112.222084,244941.3829,112.01615,283180.8793,118.58322,446804.7476,121.81989,435206.6369,122.03721,440271.1614,112.99091,418592.53,116.7936,536094.0348
Turkey,1412.1876,2145130.778,1454.355,1953100.333,1589.0212,1994271.357,1669.2389,2190692.258,1787.3416,3317317.385,1787.8729,3336167.385,1849.1666,3672648.99,1821.7764,3938223.514,1951.1511,4488313.027
Turkmenistan,268.03357,566124.8555,283.70267,339572.6,322.79703,193456.4502,349.10052,212095.6618,324.88077,785635.7649,366.50565,762344.6854,349.90903,748064.6704,439.79727,784406.2688,443.09784,1067911.243
U.K. of Great Britain and Northern Ireland,2376.7168,2273676.047,2246.046,2048766.878,2281.359,2249293.039,2243.5447,2118713.233,2249.0764,2179617.91,2246.8015,2254481.795,2199.0686,2178657.724,1971.1879,1937161.788,1990.9581,2013382.646
Uganda,22.977688,-75169.24864,26.487562,-127951.3442,26.524347,-40466.0455,29.64469,-86022.09506,32.298073,82554.50854,34.92294,109531.7417,34.858654,43439.41054,34.032326,72699.19702,35.162792,159108.0985
Ukraine,1369.5685,806379.7443,1208.3707,402853.0376,1003.4079,300819.5051,1049.9954,432898.7389,975.3309,1214209.412,1011.9886,1261942.463,957.66315,1238983.656,918.4516,917422.7232,934.7169,1427285.178
United Arab Emirates,1133.2446,929799.6163,1130.8772,949689.9983,1227.7888,988037.1422,1276.3125,949811.9023,1215.4445,1002033.752,1150.513,1056827.931,1219.0671,1118228.575,1204.6757,1103766.552,1246.315,1238070.823
United Republic of Tanzania,48.820095,-305440.9418,51.073086,-424608.0382,52.658886,-302909.0628,57.78317,-384215.2133,52.416847,279013.4928,56.283737,403617.6474,57.2517,165556.4097,56.37248,452956.3256,57.700302,619199.052
Uruguay,62.865517,128809.9507,64.683334,104371.9595,66.68303,90528.55461,67.64129,70187.18991,65.31021,248843.9153,66.96002,221849.5495,68.516846,239557.6179,60.45974,237728.0389,62.75864,297661.8569
Uzbekistan,544.20325,478910.5883,567.4339,207221.7784,538.7107,111859.4256,522.3972,84217.0074,535.0315,574684.9323,540.08813,586625.8385,542.1058,643732.4718,539.9758,722665.4082,565.7743,964510.8412
Vanuatu,0.6384758,-4799.515396,0.72912383,-2894.698601,0.6867209,-5107.795459,0.69276536,164.6001749,0.77244866,4767.589646,0.99481606,6690.198524,0.96026534,1268.281309,0.9112493,2034.258784,0.94385636,6056.444646
Venezuela,1037.0094,1272188.791,1013.23816,1299058.296,969.30066,1371021.21,890.0844,1073495.001,872.97437,1362939.074,727.8724,1458887.263,656.968,1383455.482,527.86017,1105137.331,604.086,1588794.293
Vietnam,659.4035,549140.1,728.0775,85417.15322,826.4728,333849.8532,898.7783,196817.1588,963.6317,542691.7763,1083.2736,834472.0835,1202.6356,582810.2749,1204.3934,737860.4376,1208.5538,877696.9445
Yemen,102.48065,-13539.46517,97.00695,-186404.4317,52.38784,18231.53676,41.93655,-217985.6588,38.71062,149069.5148,36.047256,203297.2951,46.562454,127477.1886,35.254242,137555.8311,35.62147,338463.7326
Zambia,48.72951,-314026.9208,52.302757,-359627.1794,50.614338,-355985.3754,47.732758,-320845.3062,55.389618,247634.1142,62.3282,248823.1208,54.84517,173083.6573,58.65856,313041.8033,66.57597,489235.5458
Zimbabwe,55.37839,-158679.0466,54.603966,-199868.4178,54.65108,-206295.2862,46.64871,-169568.0392,45.256546,111873.6547,51.80943,123435.1032,46.11994,86689.23019,41.99676,169458.0724,42.145393,258232.5789
antigua & barbuda,2.9079623,3191.669021,2.9732518,3237.555315,3.0433478,3518.409797,3.0876482,3113.474549,2.9374938,3440.319849,3.0266554,3320.281048,3.0427258,3267.530004,2.5749125,3264.43463,2.7469301,3400.146062
czech republic,490.22104,400151.6529,479.9369,331531.866,470.71613,323541.6047,464.37427,350279.362,490.5819,478907.3195,489.02423,487407.3956,477.90494,486727.2838,442.5676,425200.0835,466.40598,538343.196
