Country,2013_energy_consumption,2013_maximum,2014_energy_consumption,2014_maximum,2015_energy_consumption,2015_maximum,2016_energy_consumption,2016_maximum,2017_energy_consumption,2017_maximum,2018_energy_consumption,2018_maximum,2019_energy_consumption,2019_maximum,2020_energy_consumption,2020_maximum,2021_energy_consumption,2021_maximum
Afghanistan,33.458687,1091875.23,28.416525,1090830.047,32.743607,1054925.742,29.883818,817881.3366,29.559513,1560382.115,33.907795,1300210.423,30.314272,1286777.172,27.393118,1472469.641,27.13513,1607986.815
Albania,38.665195,147469.106,34.059666,169818.2762,34.083374,155831.4169,39.827103,131938.1347,36.862617,170630.9093,42.032387,161558.8901,33.29553,183303.5084,31.988321,189101.2577,40.252644,228107.9609
Algeria,536.9768,9310853.627,585.6132,8851788.902,617.5181,10161104.79,616.9958,8588671.075,623.7946,10687492.73,669.61975,9996116.321,694.3489,9403339.25,648.8988,10968634.87,707.6273,10447942.48
Angola,101.91877,2471317.785,112.17697,2220042.152,116.99946,2404280.643,106.75158,2423564.973,101.83017,3025578.054,105.27903,2731293.92,118.654335,2518040.886,117.90763,3167482.302,96.311485,3266719.863
Argentina,981.39813,8385783.098,979.85767,8401531.366,996.94006,8967112.962,992.4242,9925877.358,991.3971,11224812.53,984.3456,10375691.91,927.35834,10019326.48,869.82855,11503335.28,958.46265,11164563.91
Armenia,43.05361,111269.5462,43.884068,136028.0395,40.660046,102207.9236,40.950134,118169.4708,43.64147,151417.6497,42.928493,115863.6353,45.634823,151507.6763,47.936787,144728.5146,49.357056,196817.6641
Australia,1555.586,14469480.31,1566.4581,15901320.89,1601.2705,17097971.55,1606.5027,9349898.58,1601.6459,17697910.39,1624.9872,19381493.85,1679.8438,13924112.26,1585.1263,15086135.05,1589.0751,16005490.92
Austria,410.85233,654185.5674,394.88925,722682.92,396.38324,698396.8249,409.6511,688334.3588,417.56863,763820.6701,408.4021,747171.4081,427.9604,802733.4168,400.14407,799994.49,406.03314,969194.7331
Azerbaijan,154.21175,1488966.102,157.24129,897401.3818,171.82614,855471.7933,170.19234,730097.3309,166.95396,828722.7224,176.16669,875852.2666,185.8906,1023710.658,184.92851,801867.3199,197.54944,911210.773
Bahamas,12.594334,51278.26168,12.363687,45081.97628,11.819098,43948.7448,12.373412,42789.59928,14.754933,50417.53131,16.02692,44735.49589,16.035286,44496.38394,13.536436,46434.63863,14.459775,47129.78024
Bahrain,203.59215,251338.8395,201.82355,194003.5046,203.60542,190283.3954,203.15282,198674.5923,209.00795,200483.0602,211.63669,214857.4161,232.19562,262639.0349,230.62811,283001.1336,235.74854,246492.1476
Bangladesh,306.46094,401016.7065,318.4197,399459.9289,385.0179,443198.1347,386.63824,387205.2292,402.8385,540268.9391,430.20114,555719.5379,482.46228,546729.7159,457.2916,599905.0206,492.38055,619014.6267
Barbados,7.385999,10160.89731,6.423336,10389.09811,6.83276,9747.673592,6.9711556,9723.034674,6.6088576,10312.53146,7.019272,10353.89784,7.0530257,10797.86293,6.0569825,9927.842882,6.475003,10198.09329
Belarus,294.2054,1346921.735,294.86273,1895251.921,266.9616,2073843.184,272.79758,2100426.446,277.83994,2029683.059,307.21524,2220052.008,308.7904,2149818.896,286.5444,2521714.809,306.05542,3427708.84
Belgium,701.9301,1526152.721,650.87177,1371758.906,657.449,1419763.53,709.50476,1326519.135,716.0581,1367363.398,714.2254,1361236.9,738.434,1388623.659,664.01184,1465493.957,738.3453,1809535.489
Belize,3.3377864,42152.05129,3.3195853,41610.9451,3.670005,42776.67896,3.6743054,39799.99829,4.083113,57258.67854,3.6473157,53697.9171,3.8457918,55181.33092,2.8539426,57722.2519,2.9753036,58047.07819
Benin,19.48076,219331.1939,20.595615,223069.1696,22.778463,211050.576,27.778744,206772.4944,29.458447,356252.0983,32.67928,295164.32,29.695702,311030.1248,31.843231,309363.2255,32.294933,450342.0763
Bhutan,17.94188,71302.39944,17.1782,55691.9238,17.990313,70869.97257,18.51358,46802.21021,18.394636,88668.43188,17.633875,83063.26688,20.914705,77896.66918,20.543457,87194.46883,21.603115,95650.91492
Bolivia,83.94523,1369214.27,84.83242,1420857.941,88.927635,1983877.518,92.095825,1720776.057,90.77874,2335052.809,93.88063,2143778.583,93.07756,2096684.707,78.06891,2747087.948,85.30703,2684466.363
Bosnia & Herzegovina,73.227455,285237.4334,70.906006,305232.6216,71.01475,304548.3907,72.58786,330801.3955,72.034004,394991.708,73.24684,335599.3835,69.54784,409439.3493,64.59231,365955.2564,75.275955,500945.5493
Botswana,19.159739,952745.8737,19.243532,581607.9286,23.44811,927776.2114,25.792757,450417.8107,23.729675,1318828.065,23.526642,1086415.548,23.667168,853757.6119,22.518124,1205445.754,24.29339,1604890.809
Brazil,3473.9395,18911865.44,3564.4182,19806528.17,3516.9568,21979143.02,3432.1653,18389862.65,3462.9932,26156920.46,3475.9683,23346216.41,3532.9504,22441124.45,3394.3682,27231322.43,3570.6697,26210147.17
Bulgaria,198.10829,548062.0748,211.55034,674035.3441,224.68042,553141.2863,213.11739,538124.9348,218.17448,798577.4428,218.81418,641977.2772,211.5514,686414.4907,195.37389,679747.8811,221.89557,835357.9153
Burkina Faso,13.221638,514744.1118,12.312724,411379.5762,15.648824,493463.99,15.036379,447801.0508,17.42735,706708.8071,19.380987,589429.3456,19.840307,517093.4424,18.917995,623598.9796,19.995071,711659.699
Burundi,2.201248,64658.58284,2.058344,50150.37193,2.078433,94468.34332,2.2725782,45027.48601,2.754312,64854.46806,3.3419418,46565.56635,3.673369,40794.87393,3.5324557,69042.35759,3.6886592,67479.25707
Cambodia,27.991207,365929.4594,30.90454,242791.7579,35.448734,252691.5442,44.197952,275321.899,46.705288,409087.7519,58.891613,383017.0985,65.95679,389236.6629,64.253365,468642.6422,66.93809,500099.2702
Cameroon,34.61895,727128.6744,43.29559,516099.8926,43.45693,696644.6977,42.342575,593794.6296,43.015976,1107195.971,43.80294,936886.1196,44.35206,830733.7705,46.57453,904469.3293,43.344273,976650.0162
Canada,3999.0527,84299056.24,4007.7463,111098673.3,4019.3127,144699992.2,3983.994,115179815.6,4038.1782,133894509.9,4090.1682,120758257.4,4067.8503,110569881.6,3821.6829,117293360.5,3866.976,127714039.1
Cape Verde,3.583382,8750.884384,3.8647695,41012.24981,3.818471,9598.216801,3.9881656,9179.03457,4.2311363,13761.20157,4.2816496,13714.52078,4.2608,13172.98824,4.049204,13889.38864,4.2622404,14360.09325
Central African Republic,0.9931126,1483317.642,1.1432436,1355131.589,1.4313644,1543083.736,1.5070812,1883415.445,1.5073513,2031841.198,1.5409663,1629250.403,1.5585275,1564054.957,1.4999926,1809075.573,1.561469,2207904.92
Chad,4.0028453,1624294.984,4.160346,1364610.712,4.218693,1564150.259,4.182099,1524958.106,6.732162,2498558.952,7.132974,2231325.837,7.389022,1812432.367,6.2003345,2494019.994,6.2046566,2429970.482
Chile,413.7593,1702746.146,409.53394,2519911.379,414.2298,2392685.064,433.90335,2385715.965,450.3469,3339767.127,468.27765,2813251.89,473.9787,2729516.257,442.47766,2815637.419,476.857,3061939.834
China,33852.562,37591010.22,34729.066,39349481,35135.99,38397058.93,35277.71,35174091.42,36649.383,45518068.38,38409.645,46180827.38,40188.543,48335756.47,41493.71,55235730.44,43847.004,59194816.62
Colombia,485.0396,2704536.35,510.58585,2497643.785,483.40317,2437485.297,544.61725,2383689.413,549.7021,3098341.348,558.41876,3121967.671,563.1924,2805101.925,512.58594,3208560.57,574.74524,2890873.367
Comoros,0.78530526,2038.408913,0.7014616,1604.677328,0.75678515,2350.133004,0.8873186,1502.691025,1.1367831,2878.342878,1.2369027,2815.417705,1.3334004,2790.577231,1.2721838,3063.934521,1.342369,3399.900732
Costa Rica,55.670418,250247.7188,56.80869,226644.2851,59.283073,240899.4817,60.83589,218348.9037,63.17111,261290.371,64.53538,262035.1707,66.162155,261692.6264,58.84567,256966.2159,61.628967,256220.8147
Croatia,96.07299,556223.1573,96.00875,667538.7967,91.01988,575148.1104,94.73056,585737.2336,94.7834,687085.8772,98.16044,641207.0227,95.81319,587642.0559,91.37846,597159.2476,98.31208,685866.0105
Cuba,125.37503,336152.4015,127.56847,343313.0829,127.91406,386403.5008,99.81311,355237.9167,106.08925,423776.4576,111.2338,402632.1258,108.710625,398826.511,101.7874,438075.6659,103.89113,419501.9161
Cyprus,28.278452,130938.0333,28.294397,128002.2829,29.184475,127741.5798,31.736937,126140.3929,32.595684,138796.3997,32.462143,139387.3752,32.4935,133824.6561,28.281317,128834.8366,29.841984,130354.6905
Democratic People's Republic of Korea,118.56006,191278.0014,111.504944,218009.5853,98.72228,237283.6235,114.25802,147861.0378,93.33703,338515.3817,96.75321,272301.4722,98.323105,260486.184,99.829216,318525.3991,99.5751,335449.3174
Democratic Republic of the Congo,30.831583,3608296.797,29.33179,3072033.422,29.581387,4058870.21,28.268084,4138771.677,21.170794,5377141.63,19.616518,5108480.482,16.009293,3750404.156,13.568663,4705502.897,13.7025585,5699562.245
Denmark,211.70235,579468.6584,203.5635,683540.015,198.9746,714170.667,201.60147,603939.8556,202.98541,693152.3396,200.11829,743558.0401,196.04588,568460.5143,176.48528,824061.341,189.43509,912251.5504
Djibouti,3.7283626,18796.27516,4.138329,17291.96222,3.6496913,19034.41765,3.48905,14047.82734,3.1583176,37053.60446,3.3127282,37544.34471,3.059594,28340.76914,2.9453895,38869.19235,3.0790696,45612.23779
Dominica,0.7586231,1796.286404,0.78279257,1688.692718,0.8130677,1826.226567,0.850164,1682.645329,0.79398596,2231.794816,0.8187616,1655.873932,0.789469,2001.458629,0.7241603,2431.424984,0.76402795,2349.823678
Dominican Republic,91.43549,243282.5813,87.788315,238678.8245,97.34283,242200.3185,103.54014,252099.2721,102.12164,296335.1027,112.90603,312964.1921,120.77078,332483.6508,104.46019,363007.385,111.04068,386547.4175
Ecuador,179.50916,951943.4238,188.56316,1071012.096,188.04614,1238098.898,187.40384,1130640.477,195.10971,1311657.209,206.38023,1617809.635,211.3331,1303582.684,182.8624,1378482.946,212.59688,1299642.738
Egypt,973.26874,5112726.492,961.9715,5097069.573,976.1081,4929330.534,1030.2607,4890074.098,1070.7452,5932821.44,1071.3456,5433136.644,1051.1061,5650605.789,989.0688,5653198.463,1058.7433,6084216.355
El Salvador,36.514393,88173.10056,37.35043,84964.52307,38.633717,100521.4736,38.950665,85705.59434,38.684814,105661.4347,41.71052,104694.3391,45.666763,98077.77996,42.259533,104573.4876,44.681767,104904.7701
Equatorial Guinea,33.239258,53208.69832,31.289293,42101.30174,27.943586,68726.98657,27.598911,44967.85421,30.995258,81925.29176,28.107082,69427.6801,27.40286,59864.07806,18.08033,64604.52135,20.266384,54637.85437
Eritrea,2.2805402,63447.55509,2.3813727,88060.02938,2.3641987,77018.65012,2.4062965,48890.9902,2.643787,170124.8775,3.018665,155652.2338,3.276569,118807.7206,3.1348097,183106.6465,3.3107688,194677.4474
Estonia,77.46338,631773.505,74.16147,667659.2139,68.6264,593037.2792,70.76302,708745.5691,78.48448,630815.4961,77.879,915924.0361,62.760654,760246.3684,58.73331,625942.4248,61.401203,1129136.068
Ethiopia,61.418804,1851353.196,69.58626,1784455.375,73.31093,1939823.838,84.99689,1711775.238,86.0149,2522484.868,91.52436,2141659.504,105.21818,1791372.746,100.7959,2217395.943,104.836815,2910224.115
Fiji,6.8536205,22790.63102,7.2206216,31538.55064,7.5502286,26635.99179,7.4337616,17307.34981,8.07573,34633.69706,8.561964,33541.57248,8.649831,29513.00538,8.312041,39033.12879,8.527583,40802.3442
Finland,341.8005,6239555.069,329.82288,7293318.155,328.8933,8093239.996,334.08334,7956535.881,327.2159,7989082.711,333.84097,8511094,326.9818,7782321.02,313.94992,6431459.223,320.63977,9954468.92
France,2924.1458,7459731.994,2796.8435,7334322.642,2822.273,7328081.56,2765.4526,7004363.903,2754.9192,7187852.187,2788.956,7040794.15,2729.5625,6865004.829,2441.1663,7252168.688,2593.6248,7508095.907
Gabon,20.430458,510119.7482,21.331526,382170.876,20.505322,523730.7735,20.321144,392202.1526,21.514389,690170.2995,19.279465,628924.1961,16.65867,571324.9215,19.182198,529727.017,18.752058,589835.3598
Gambia,2.0487888,33819.33355,2.2650769,29152.18314,2.3181598,24445.66641,2.336837,30379.35704,2.3769746,35965.73786,2.3929524,35823.19753,2.440309,30176.35312,2.330364,30994.55162,2.458489,47675.01687
Georgia,61.590626,324319.205,64.329315,366953.1733,68.213394,299447.9817,72.10096,295741.8253,71.68798,372181.7889,73.12045,338517.2423,74.13174,372845.5188,70.41069,403243.4889,78.29672,460386.6845
Germany,3868.517,4744850.827,3710.4646,4957378.591,3780.8599,5096661.816,3841.4512,5036222.159,3888.1333,5687603.671,3787.6824,5395421.22,3694.8396,5293084.243,3443.882,5968270.137,3544.581,8583191.831
Ghana,74.27885,651222.3333,75.372475,659256.2841,82.1962,642332.6455,83.19528,780373.9114,83.3517,1022526.267,96.07844,934895.5292,98.84115,982844.2608,112.12157,1171448.577,114.36937,1149369.636
Greece,328.3033,1081086.272,307.91022,1168565.981,311.72308,1064628.563,306.9926,1045771.786,322.1973,1220331.301,324.0658,1161646.427,316.8873,1326332.079,276.95612,1269115.819,302.5362,1436053.083
Grenada,1.3468796,2617.322116,1.138644,2299.660083,1.1850467,2466.748167,1.2207305,2255.165893,1.3271629,2371.418364,1.3067567,2451.914957,1.3078552,2272.603126,1.1029536,2270.58731,1.1754613,2303.238941
Guatemala,68.00804,273925.7427,71.687744,280417.5759,80.04745,309531.8341,87.28228,294864.168,94.63285,386308.5418,97.299934,376135.9858,100.10175,351390.3868,99.5661,403362.2922,100.58174,415285.6839
Guinea,10.857174,847407.9785,11.221065,831739.5418,13.61675,671836.1752,15.340269,775199.7206,15.4381895,1011091.674,14.087817,817297.8563,15.476092,773650.803,17.914892,823804.6368,17.34148,844293.3667
Guinea-Bissau,1.5058649,50373.20441,1.5821962,65875.2609,1.6366516,80011.42176,1.7039256,44702.17177,1.3791065,77646.51801,1.3856009,74374.78941,1.3854842,66341.77523,1.3230809,67077.7326,1.3957903,76473.44782
Guyana,8.391866,296057.501,8.370713,195787.2348,8.49344,230822.1322,9.590764,157115.997,9.509585,375322.7899,9.717782,345956.9457,11.330115,300383.6843,11.014605,365944.9294,11.014605,377503.0357
Haiti,11.038771,42407.82441,11.895988,42920.75942,13.570336,36754.19283,14.088038,33967.83163,13.984254,61162.06311,14.597323,57399.24686,13.217826,50209.28981,11.0476675,56716.41669,11.801085,56988.21213
Honduras,41.480186,313900.5951,45.447643,310241.5735,50.56032,345869.831,49.596046,316426.3916,52.525883,380913.2389,57.746044,370389.4691,56.173466,362853.1205,51.09921,397050.7593,52.285263,357454.1315
Hungary,238.04141,769687.0723,238.26877,828874.3194,251.03966,772521.9016,255.4948,755250.8977,269.29346,877362.464,271.20258,861913.183,274.8925,997114.2782,270.3273,967994.9863,283.95834,1071719.684
Iceland,58.71669,1560128.154,58.62973,6514132.631,61.207317,3415060.127,61.441673,2834367.059,64.24559,2984822.974,66.45856,2024856.386,63.328125,2043012.923,58.08151,2018169.225,60.644577,2325399.033
India,7178.7197,15414468.98,7664.0034,15914194.81,7929.679,16786788.07,8284.972,16104561.61,8600.742,18999073.07,9088.107,19111405.17,9317.351,18943636.21,8828.374,19381459.39,9585.078,20270082.07
Indonesia,1809.8263,2001055.906,1839.6007,3208128.198,1866.1007,4147478.755,1896.8113,3543745.616,1967.7083,4477563.143,2151.6267,5037753.364,2299.6296,4973522.577,2163.7532,5385890.258,2214.0532,5038599.676
Iran (Islamic Republic of),2652.0325,10699065.3,2768.922,12088715.63,2735.8362,11450958.43,2884.797,13656705.84,2995.331,16448523.25,3095.9187,14678140.31,3263.9712,13356959.39,3387.9543,13724346.28,3322.0579,15127299.34
Iraq,470.12567,8995462.916,455.2057,9142528.356,447.09543,10650323.55,485.35147,11137779.09,567.4052,12229444.19,590.49176,12200550.89,639.68274,11891911.29,571.86237,11463727.2,592.7278,11214464.39
Ireland,164.99734,476944.2151,164.55302,794327.4296,173.913,751568.7816,181.63763,818581.1543,182.40254,739497.6912,186.47433,879785.626,187.35852,879550.1688,176.07672,900829.972,179.446,993980.8706
Israel,267.18036,788110.4026,260.6474,812758.6878,275.05713,822051.8353,280.5702,827026.8687,285.68524,885760.6335,292.21167,904646.4044,301.50592,907280.8194,285.13525,908350.2132,292.04428,998104.4857
Italy,1858.6002,6678003.738,1762.3201,6698996.81,1814.7657,6600442.114,1821.9315,6511786.418,1843.1206,6915282.809,1853.6401,6692540.97,1819.5557,6925464.772,1651.9623,6894282.305,1768.6172,7334729.604
Jamaica,35.42048,75220.73644,34.90134,72672.49067,35.997795,73860.95041,37.267353,72759.66192,33.539192,83203.73881,34.684174,81346.90921,43.29625,85711.57868,34.123722,84574.69114,34.59914,83854.55441
Japan,5575.617,4463135.679,5431.2173,4502854.345,5363.93,4283052.408,5295.605,4195652.963,5354.6772,4715286.743,5316.556,4863711.662,5205.5366,4615609.449,4825.2485,4457679.21,5037.4814,4930565.094
Jordan,98.46778,459878.7204,101.033775,498811.3663,109.15669,497462.4646,116.34625,516627.7914,120.371185,687107.8288,117.50013,708874.2622,120.44836,736387.0237,107.51725,725788.4239,102.37639,793083.6805
Kazakhstan,731.60547,10026098.48,769.1109,17068025.89,635.9098,14324999.45,711.3266,11555780.57,764.92584,15127607.96,789.19745,12828679.64,798.71204,13536161.22,735.9369,17820082.04,822.2053,19136155.58
Kenya,72.58364,745368.5007,75.852745,769640.7855,89.5755,829272.6817,94.18906,634707.8335,94.94264,1335631.936,102.26798,1093368.891,99.16891,940471.0089,98.88311,1168390.47,103.50374,1460126.985
Kiribati,0.24217412,368.9576646,0.24384083,226.9297956,0.26302695,300.4634647,0.28223434,199.240903,0.3183175,598.3875565,0.32035,665.5436763,0.32211494,415.9686265,0.30576795,687.6976606,0.31533784,575.8505916
Kuwait,424.3276,1274195.057,413.6533,1385859.071,444.58252,1335711.634,442.9686,1508480.382,445.47583,1344936.614,459.94553,1506077.178,420.26105,1392001.434,397.88113,1288759.411,424.15015,1191242.556
Kyrgyzstan,71.8661,484812.0152,73.127846,799236.1078,65.63956,596524.2056,66.99369,565039.0098,69.38583,679770.5898,73.30649,665730.3841,66.91757,749692.6938,67.0747,820003.7556,60.542263,835239.853
Lao People's Democratic Republic,47.307285,312334.2657,48.08162,374720.7552,70.62649,369177.6883,120.128654,401471.7263,121.92248,465829.5187,126.88351,439172.7011,131.63283,459043.0124,143.98279,619394.2997,139.94064,507329.5145
Latvia,44.23667,471124.251,40.747486,706195.5383,41.74564,681446.1422,44.49915,558953.3022,48.978153,857184.3086,43.564484,895706.6882,44.83716,688806.7255,40.858128,765246.8794,42.6252,1118693.019
Lebanon,89.2734,253358.3176,91.99911,243593.0584,101.51782,251083.6729,104.42425,260855.4235,111.53107,304296.268,105.1971,304406.8557,106.661156,311774.6064,103.86615,271126.9357,105.31844,229372.2604
Lesotho,4.2373376,48697.6115,4.3456836,53389.65802,4.2430806,47821.79205,4.593167,26462.44471,4.89175,60021.25221,4.7961416,57669.98238,4.871765,59086.62959,4.7167816,78064.69734,4.8659377,73841.07388
Liberia,3.6788895,119151.6123,4.844483,90069.27507,4.862246,121506.6768,5.590125,99203.98389,4.831436,183384.8268,5.4881964,178889.2649,5.4879627,141153.123,5.240454,190554.3041,5.528998,187636.3191
Libyan Arab Jamahiriya,231.87094,4052588.515,226.45312,3518175.22,180.20953,3529484.414,176.38931,2737183.658,199.04042,5049924.192,205.10458,4464266.765,212.98204,4595792.391,186.52736,4754550.546,190.40862,5352356.688
Lithuania,63.415512,447042.8865,61.20458,624985.3639,64.11229,640840.0064,65.726395,743345.1255,69.15024,697208.4543,70.969444,968565.8783,70.59712,823366.682,70.29448,918267.6479,70.14949,1476029.927
Luxembourg,45.692364,101497.0908,44.27421,90995.22103,43.034466,83267.0563,42.459232,79722.9402,44.354897,101061.0347,46.43095,93343.72377,47.288246,84694.09885,40.540794,88185.07498,43.215237,95578.92778
Madagascar,14.159686,1062316.661,15.377752,851222.9642,16.817646,1056348.527,17.63125,1041767.923,16.164988,1152522.768,15.560264,1169457.146,18.68685,1031725.43,12.630883,1503837.555,14.678847,1376439.124
Malawi,9.690505,192207.1455,9.974371,153372.0874,9.610899,177080.0411,10.123318,156297.0501,10.431984,250790.0145,9.962464,248316.303,10.147229,204282.0938,9.751647,244634.8979,9.248383,284191.8797
Malaysia,1086.7379,964221.9769,1097.6155,1570932.355,1114.5746,1676233.495,1172.3032,1647602.422,1188.4774,2024234.201,1209.5756,2056917.985,1240.7814,2402609.792,1196.4292,2212141.81,1246.6495,1869548.411
Maldives,6.577692,190.6157933,8.817265,202.2044131,6.5987864,221.7838261,7.0005317,362.4354922,7.2642756,375.7131813,8.336382,383.8287899,9.367838,352.2528121,8.90442,319.7493783,9.214026,401.0622741
Mali,14.117615,2049682.937,15.7832155,1530507.857,17.25754,2101427.905,21.920076,1664447.669,23.833948,2792531.814,24.793644,2338611.772,25.333214,2215285.95,24.256605,2770455.096,25.59745,2796582.96
Malta,26.145313,29972.03554,26.757277,29093.10785,29.281233,29622.61622,32.549335,28881.62475,37.07361,30185.65858,38.70257,29901.44241,40.33273,29236.13926,37.139946,30304.73437,39.150482,30732.74297
Mauritania,9.61238,1098698.175,11.508354,919172.3096,11.6624155,1341026.619,10.890152,765927.2778,16.321316,1919197.977,17.400463,1563316.103,18.18961,1439727.024,17.476068,1928564.232,18.407001,1929753.708
Mauritius,22.076933,24904.85378,22.75332,22545.89337,23.596943,21194.58548,24.530706,21993.86957,26.913525,24488.50665,28.407331,25080.44154,29.555481,25506.38587,24.976973,25910.8895,25.62087,27535.08243
Mexico,2242.8577,8288642.187,2230.574,8117633.038,2205.4211,8555335.283,2253.398,7623176.185,2293.2642,9745652.179,2265.2773,9160061.564,2241.414,9457131.119,2041.9174,10277708.44,2175.8943,11290535.9
"Moldova, Republic of",44.53569,132950.7706,42.5979,198268.9133,38.07466,148496.7572,38.05067,163843.8915,38.688618,163030.0852,41.25079,209905.5755,41.943604,227028.1901,40.321323,203283.5519,49.003654,265583.4423
Mongolia,58.388344,2604782.098,57.184326,5362887.355,56.871716,6117486.129,59.658356,2957468.968,65.15187,4166306.236,71.14611,3979454.582,78.48155,3995812.425,67.12849,6282692.778,75.01601,6092836.586
Montenegro,14.504869,80705.05082,12.961574,88793.09641,13.335471,94134.51327,13.316369,77818.73658,12.434129,101611.2072,13.799068,90988.05588,12.898393,104097.1385,11.286774,94696.18944,11.891775,123011.2758
Morocco,213.97916,1405763.877,217.02507,1383698.343,220.8588,1614025.518,223.32423,1407223.503,233.80072,1843755.307,241.81398,1740821.574,263.84097,1795181.011,242.53397,1980313.739,269.05447,1982641.797
Mozambique,70.08058,1480256.384,77.782234,1413528.951,82.61792,1500807.161,84.95021,1010361.794,85.286446,1834395.21,70.11783,1730327.831,74.10616,1479847.174,70.10905,1821658.303,71.891975,1933533.282
Myanmar,103.47361,1495533.978,120.964806,1514839.324,112.87985,1387854.536,129.81372,1221233.2,167.52669,1759450.915,172.26006,1665004.541,169.58122,1606094.025,170.05164,1985971.016,164.88298,1911114.713
Namibia,20.532598,1128607.267,21.837519,739080.9352,22.858814,936847.9012,22.909967,521630.0207,23.574385,1427665.79,23.27655,1176000.551,22.642365,1039423.762,22.303202,1600935.683,22.134443,1573977.134
Nauru,0.28915864,388.5907868,0.31222987,483.8657376,0.33247906,477.3425723,0.3648832,493.4603365,0.28691924,507.446116,0.33700904,565.7920932,0.27236113,512.7006617,0.2608771,606.0553412,0.27083334,683.1176965
Nepal,27.945059,377167.7644,30.193071,335774.1326,27.033157,279880.2891,39.73368,415298.7263,45.509377,405929.8074,49.9894,400835.8129,49.032063,393861.9515,49.24105,410840.1494,48.285286,571717.0828
Netherlands,1062.885,2971455.366,1016.3307,3283159.541,1026.0321,3326169.548,1044.014,3019542.267,1052.2062,3141660.335,1026.7698,3130492.389,1022.32947,3122418.488,990.14575,3234094.18,1014.6149,3464594.847
New Zealand,239.56792,583973.6162,250.67665,614577.0122,252.19344,555314.7826,255.68533,613494.6584,259.8468,828508.2792,258.47,844875.4382,263.68475,766235.2891,239.25703,884225.1985,235.5494,901404.9037
Nicaragua,24.426323,186595.2214,25.913784,190924.9562,28.355658,183062.159,28.442665,185780.0959,28.35997,276482.5825,28.144852,278696.2204,28.157967,248274.6293,28.629322,298616.5195,29.219433,285529.7303
Niger,10.34247,956412.8289,9.81472,861336.9832,10.3649645,1139740.221,9.681235,813321.7479,9.415173,2021401.094,10.389251,1642584.707,10.982877,1488879.619,10.765667,1951979.481,10.34748,2023578.588
Nigeria,444.87653,3027988.94,485.73407,3006414.472,459.22278,3340729.251,469.5742,2998579.307,456.4197,4014303.003,488.3947,3874622.369,504.77087,3521009.948,509.3741,3642345.441,543.7368,3380723.079
Norway,524.0741,4560808.971,542.8855,5666621.109,550.1978,6615842.86,558.5242,6594754.312,561.08185,6521144.473,552.5391,6722158.781,516.76984,6135604.673,557.34674,5287548.106,568.4789,7211712.605
Oman,317.48486,1905834.298,315.79758,2179974.024,337.249,2233507.566,338.48645,2244530.242,353.37772,2635524.646,375.74258,2747668.27,373.15045,2471933.45,360.4911,2408551.181,393.38873,2383461.835
Pakistan,751.74243,2516479.213,775.93536,2288906.48,815.85895,2342904.131,542.20074,2264324.7,940.99817,3186533.843,971.03046,2910731.754,982.5163,2819343.494,977.2168,2949372.821,1083.7913,3277579.642
Panama,100.602745,197829.9594,102.87565,195747.208,112.3791,203619.5195,118.755165,216332.2177,127.71585,258055.1218,130.1864,256503.5888,117.984116,252363.0176,118.70061,271510.3346,117.77596,269579.0858
Papua New Guinea,22.518286,199148.9397,23.83847,405934.7096,27.527002,478825.0427,29.219704,314469.1863,28.238922,601216.3937,29.388498,728275.3345,30.149662,502842.2493,21.09696,692443.6524,21.12761,639590.6886
Paraguay,141.21852,1056894.505,133.65765,940996.3204,137.09798,1164477.714,154.90407,975230.0391,148.94304,1296643.326,149.09532,1140232.717,129.97318,1155812.675,122.400375,1578961.744,105.80124,1564096.911
Peru,262.58148,1619824.359,268.82904,1751346.093,281.66946,1846976.303,298.93784,1590127.663,303.5903,2600161.683,318.42453,2697471.052,326.58514,2402622.67,287.86343,3003567.518,327.408,2999576.816
Philippines,384.94003,534952.9328,404.6579,585926.6315,443.82196,588994.9747,484.6147,618895.8416,531.86365,883020.3006,549.69855,851189.5446,566.12146,808191.4886,513.7529,930321.0115,545.51025,922060.2279
Poland,1131.3181,5529280.782,1089.3545,5220008.074,1103.0131,4916820.881,1150.2451,5616513.77,1208.289,6197179.055,1222.0825,5882908.933,1187.2677,6023034.407,1139.2343,5750153.32,1224.7583,9840349.537
Portugal,289.6614,1496743.939,291.7736,1432079.991,289.52225,1445367.339,309.8667,1610941.797,301.87787,1488513.938,307.7067,1430223.958,293.05664,1414783.021,265.24768,1363885.95,266.48996,1351739.725
Qatar,482.34198,962470.1584,521.48706,1059895.818,593.3197,1059613.148,582.5708,1071890.588,564.08673,1150899.299,558.8765,1221710.194,583.49774,1230095.697,511.53665,1333431.291,541.8489,1361188.063
Republic of Korea,3225.866,2512732.624,3252.673,2295303.318,3309.5176,2188353.405,3407.431,2253824.343,3445.8071,2640308.903,3503.0505,2634155.782,3462.6758,2477897.931,3346.965,2662296.661,3506.508,2998297.699
Romania,369.5765,1521717.545,379.1164,1793390.05,381.13568,1459188.293,381.0851,1498775.575,387.93585,1709296.955,392.05106,1795839.526,383.81754,2020088.439,369.48853,1886487.898,390.003,2421424.895
Russian Federation,8032.5254,140648244.8,8057.7617,224210790.9,7930.555,239325404.4,8086.0635,222394421.9,8135.742,233151575,8432.208,229557862.7,8370.03,213467762.1,8078.97,229014907.6,8335.356,262713405.5
Rwanda,4.3376565,50534.01542,4.586371,41825.20952,5.078819,54057.54564,5.124537,44216.9899,5.6115375,73995.61715,6.1547008,53249.36992,6.7457433,53553.86973,6.532406,66778.62873,6.3453274,72558.72708
Saint Kitts and Nevis,1.0313666,2604.973082,1.0442275,2819.718018,1.0690248,2959.093784,1.0972828,2867.278396,1.096758,3208.869505,1.109576,3542.026065,1.1092261,3427.706909,0.93629295,3178.908286,0.9955214,3188.8407
Saint Lucia,1.8109919,7005.88178,1.8287804,6747.883523,1.8412378,6734.261876,1.8611505,6479.20414,2.017484,7158.675287,1.8545495,6730.017738,2.7253225,6913.906044,2.296203,6948.752128,2.4433672,6792.517369
Saint Vincent and the Grenadines,0.9423633,1400.415254,0.97102666,1287.027268,0.9954189,1385.536307,0.99340993,1311.513929,1.1439728,1777.23778,1.0528235,1699.491312,0.9069623,1648.448919,0.81501937,1681.379528,0.8603289,1587.822156
Samoa,1.2030401,2893.279455,1.2231327,2872.445864,1.4193091,2883.519134,1.5122826,2140.688767,1.5256896,4656.013724,1.5136653,4437.087884,1.631313,4351.744269,1.5522943,5187.018713,1.5975583,5493.090854
Sao Tome and Principe,0.61556506,2560.851321,0.6155105,2473.278055,0.6436711,3625.291647,0.66496056,2669.726696,0.676261,4332.677849,0.6657166,3813.145505,0.73365,3532.413973,0.70130306,3767.287556,0.7385749,3947.700403
Saudi Arabia,2731.2205,10461965.33,2931.7173,11198603.07,3056.6255,13415005.18,3179.844,12859151.37,3181.8193,15187403.69,3101.6775,14514840.79,2967.3794,14540506.15,2886.4114,15095836.07,2981.9167,15311162.45
Senegal,28.785759,490518.4775,31.947577,452574.8886,37.051647,403223.7221,35.844208,454075.0758,38.039948,635899.5032,39.58574,545006.1085,44.056408,538763.7121,41.623035,586511.3908,42.279724,706927.5566
Serbia,190.3472,793160.8989,169.54901,920029.5708,187.72292,871212.3877,192.31615,1016418.002,196.76714,1082480.96,196.85847,987331.804,196.88872,1297488.686,192.86804,1020174.577,201.68896,1293311.811
Seychelles,3.7422965,2201.040708,4.3764224,2208.528445,4.535706,2488.40558,5.050324,2187.576456,5.2665887,2463.439321,4.6721234,2618.477481,4.778491,2380.373026,4.612663,2531.414332,4.891292,2671.700701
Sierra Leone,4.8245325,138690.1691,5.30554,157840.1641,4.3349442,122991.2005,4.432782,127704.6378,4.4046493,181799.095,4.4665146,172130.8615,4.1280594,143220.6292,3.9566472,161336.3366,4.1479893,171844.2277
Singapore,812.4909,114340.2829,828.2924,139535.323,878.4029,148176.2645,926.7514,140016.4789,950.00244,141075.2577,950.5948,144603.9269,929.6794,149276.5875,910.51807,141473.564,910.7139,132759.4218
Slovakia,194.58702,510359.2049,181.1199,480516.8377,182.98993,487788.2546,184.74371,476616.6562,194.5947,561519.1804,191.29565,482648.1232,184.84892,593751.3522,181.1254,528624.7009,195.22316,694671.1456
Slovenia,80.778595,199981.7041,82.86102,197560.7539,74.71551,157255.2583,79.85814,169443.9984,80.720924,180731.1744,82.39095,208080.9035,80.00229,167217.4766,77.29536,180976.7432,76.58192,223158.6217
Solomon Islands,1.6141902,12692.17431,1.5197262,7696.973367,1.3884337,23075.39251,1.3345238,8469.854538,1.3268349,35400.16607,1.3894602,32643.42432,1.3684785,26231.85513,1.2975992,35270.04067,1.3393546,38823.45229
Somalia,3.416206,698731.1493,3.416448,474009.8079,3.5448291,709033.1383,3.6269844,387891.6932,3.627606,1095648.094,3.6413927,1007229.68,3.6369123,783231.7816,3.5074317,1017819.524,3.7102253,1291395.821
South Africa,1430.1221,4385783.556,1446.7012,4446158.742,1417.7021,4266332.527,1482.439,3614886.005,1476.9373,4697542.329,1421.1741,4423580.748,1485.7,4189804.367,1392.8961,5097488.262,1406.0925,5348059.128
South Sudan,6.313152,2425488.651,6.5313106,3760770.353,8.003829,3398815.981,7.7284136,3191438.598,6.7726936,2655126.385,6.9831424,2444216.427,7.8094916,2018110.698,7.4576077,2149053.512,7.8676186,2593644.049
Spain,1578.5305,5762822.014,1554.2189,5808595.83,1573.1444,5734816.699,1582.9133,5366663.454,1602.0426,5757715.59,1628.6714,5651619.255,1583.871,5759902.939,1422.96,5805044.421,1530.2695,6616384.182
Sri Lanka,79.214134,146252.2586,85.89107,163440.3574,91.3002,184583.7164,100.87174,179151.1744,106.731476,225545.9635,112.36916,219673.1333,113.03538,214231.3782,106.000435,230173.889,109.63753,250514.8392
Sudan,85.83844,2235169.058,88.02482,2234022.203,91.00936,2273452.744,105.69049,1991408.323,107.986336,3575453.542,107.29716,3280178.468,106.3234,2726454.001,105.689606,3628265.519,105.80567,3836690.173
Suriname,11.753048,261269.4824,11.440299,164006.4489,10.527559,176894.0819,10.940309,127792.958,12.749405,295308.8287,12.877228,275436.6371,12.984192,229810.1211,12.3576,271135.6135,12.43448,274383.8529
Sweden,603.5434,5761417.549,600.7766,7431152.097,622.0618,8110689.175,609.4006,7861079.142,631.34283,7235262.616,609.1949,7999642.651,625.81903,6247370.369,600.27936,6486905.334,633.67957,9701163.151
Switzerland,359.14597,588253.2704,344.43954,502134.4255,336.3216,516160.896,316.24518,498377.4273,316.9949,566978.7766,321.45792,473014.1214,335.947,507587.9252,308.59106,477068.0606,298.0824,590913.7672
Syrian Arab Republic,154.28238,869122.7469,137.03278,828936.5817,122.00345,706027.4758,118.85896,738308.1851,119.593094,1578294.459,139.97821,770679.7156,123.70372,890899.1283,115.59429,925039.9978,117.437904,911435.0446
Tajikistan,61.830788,367655.9997,63.163795,461217.2211,63.24625,369847.958,65.10699,317313.1141,66.41349,447895.3941,70.850876,424409.908,75.084435,437935.7266,74.622086,483717.7511,74.83101,491824.2523
Thailand,1312.8635,2344359.314,1357.1696,2497713.541,1377.446,2636552.743,1405.5717,2767336.295,1432.6826,3067568.977,1478.3762,3083485.249,1479.7451,3330617.446,1375.7584,3547309.567,1386.81,3624238.608
The former Yugoslav Republic of Macedonia,30.12023,159207.4515,27.962751,183416.0001,29.476517,160673.7291,30.59213,140380.0017,29.433117,180460.8302,30.42636,150446.1965,31.057503,195995.1058,27.707994,179023.8734,28.997852,234794.0441
Timor-Leste,1.9007002,18190.49449,2.1808667,25928.49723,2.13834,19935.18242,2.0929565,15239.90878,2.134672,30843.8318,2.1638384,30458.60839,2.1804886,26795.927,2.0667233,33989.00538,2.1339822,29748.23426
Togo,9.597932,120350.7403,8.328414,130462.2122,6.4887404,144006.2439,8.692368,162037.5154,8.421565,201021.2211,10.085071,165591.7335,10.749471,171651.9784,9.730233,184539.7769,9.645073,180120.0737
Tonga,0.5056593,868.9085967,0.54864866,1075.916506,0.5736207,1065.73388,0.6066782,912.4459318,0.7202176,1426.353032,0.6288607,1337.725817,0.7203973,1511.258037,0.68865055,1671.605085,0.7102787,1743.740683
Trinidad and Tobago,228.57895,163519.9925,228.8344,155964.6871,221.63606,151090.6377,195.77258,143891.5866,207.06696,149024.525,194.03856,154898.3372,195.2032,152079.0883,169.34329,147857.2418,173.1243,145606.6087
Tunisia,98.607254,743798.6935,108.65896,753131.6518,112.222084,753222.2104,112.01615,695496.5273,118.58322,889733.52,121.81989,879080.602,122.03721,904830.7948,112.99091,969749.2741,116.7936,983004.4023
Turkey,1412.1876,5715065.16,1454.355,5984559.202,1589.0212,6457084.138,1669.2389,6547854.412,1787.3416,7875879.304,1787.8729,7322867.708,1849.1666,9009712.935,1821.7764,8570932.36,1951.1511,9998665.154
Turkmenistan,268.03357,2599095.553,283.70267,3502978.765,322.79703,2586434.511,349.10052,2126400.278,324.88077,2759813.654,366.50565,2463367.427,349.90903,2435682.896,439.79727,2594878.898,443.09784,2514954.231
U.K. of Great Britain and Northern Ireland,2376.7168,4856510.944,2246.046,5745286.02,2281.359,5694156.585,2243.5447,5106999.644,2249.0764,5032927.724,2246.8015,5293471.585,2199.0686,4964358.077,1971.1879,5309946.006,1990.9581,6240346.784
Uganda,22.977688,379349.6472,26.487562,387230.6055,26.524347,510638.2138,29.64469,480853.6086,32.298073,694772.0748,34.92294,531803.4617,34.858654,497517.2786,34.032326,501607.1086,35.162792,706165.5612
Ukraine,1369.5685,3444038.951,1208.3707,4519528.584,1003.4079,3900925.197,1049.9954,4104125.735,975.3309,4438402.384,1011.9886,4607191.649,957.66315,4689294.359,918.4516,4836455.878,934.7169,6590671.135
United Arab Emirates,1133.2446,1854775.609,1130.8772,2022893.17,1227.7888,2130099.124,1276.3125,1950919.541,1215.4445,1910286.364,1150.513,1953138.63,1219.0671,1998406.912,1204.6757,2073339.757,1246.315,2178470.034
United Republic of Tanzania,48.820095,1554043.974,51.073086,1308126.262,52.658886,1981171.383,57.78317,1405071.455,52.416847,1983362.026,56.283737,1900041.056,57.2517,1470744.512,56.37248,2180480.69,57.700302,2441028.321
Uruguay,62.865517,457369.0729,64.683334,411948.0151,66.68303,482390.3611,67.64129,431404.9479,65.31021,574139.2764,66.96002,558640.8995,68.516846,542017.8365,60.45974,630344.8307,62.75864,646166.6085
Uzbekistan,544.20325,2277299.945,567.4339,2222895.64,538.7107,1685851.514,522.3972,1475752.528,535.0315,2015812.007,540.08813,1644186.224,542.1058,1754744.918,539.9758,2113262.355,565.7743,2281749.354
Vanuatu,0.6384758,50283.08856,0.72912383,50012.90281,0.6867209,63371.36535,0.69276536,116650.82,0.77244866,77488.15696,0.99481606,69217.49855,0.96026534,14924.60686,0.9112493,21643.22171,0.94385636,19634.70338
Venezuela,1037.0094,9947696.463,1013.23816,9460203.299,969.30066,8860158.804,890.0844,8169582.389,872.97437,7317422.012,727.8724,7648612.963,656.968,9455192.954,527.86017,7716396.754,604.086,7940569.364
Vietnam,659.4035,1823571.823,728.0775,2447646.733,826.4728,2661081.07,898.7783,2773236.188,963.6317,3509577.07,1083.2736,3960070.646,1202.6356,3991767.347,1204.3934,3915547.593,1208.5538,3614122.228
Yemen,102.48065,984208.2913,97.00695,1007150.128,52.38784,843065.6813,41.93655,411362.9863,38.71062,855763.4602,36.047256,936319.6076,46.562454,856896.2376,35.254242,1048231.838,35.62147,1166652.823
Zambia,48.72951,1375890.814,52.302757,1216895.917,50.614338,1622468.63,47.732758,1338112.739,55.389618,1773812.398,62.3282,1782612.088,54.84517,1462711.591,58.65856,1768220.277,66.57597,1941359.527
Zimbabwe,55.37839,667670.2028,54.603966,869407.283,54.65108,1024683.727,46.64871,643906.085,45.256546,883293.5446,51.80943,921389.1062,46.11994,737856.0701,41.99676,823006.8037,42.145393,988502.22
antigua & barbuda,2.9079623,6254.372522,2.9732518,6716.978382,3.0433478,6941.643936,3.0876482,6440.754393,2.9374938,6985.765012,3.0266554,6975.719259,3.0427258,6432.193294,2.5749125,6013.009339,2.7469301,6270.486866
czech republic,490.22104,1186908.469,479.9369,1008893.543,470.71613,1092561.866,464.37427,1208764.533,490.5819,1515482.739,489.02423,1243786.77,477.90494,1375647.27,442.5676,1136477.317,466.40598,2040602.78
