Country,2013_energy_consumption,2013_median,2014_energy_consumption,2014_median,2015_energy_consumption,2015_median,2016_energy_consumption,2016_median,2017_energy_consumption,2017_median,2018_energy_consumption,2018_median,2019_energy_consumption,2019_median,2020_energy_consumption,2020_median,2021_energy_consumption,2021_median
Afghanistan,33.458687,557019.0581,28.416525,560414.2593,32.743607,444442.1159,29.883818,309617.2157,29.559513,1041428.276,33.907795,899727.6287,30.314272,880093.2949,27.393118,1059025.649,27.13513,1175124.144
Albania,38.665195,96733.11951,34.059666,96345.86436,34.083374,81958.24183,39.827103,77984.45436,36.862617,114065.5651,42.032387,112083.7542,33.29553,120486.6315,31.988321,134725.056,40.252644,153606.0043
Algeria,536.9768,3802679.586,585.6132,4114501.066,617.5181,4136904.525,616.9958,4020183.703,623.7946,5921239.203,669.61975,5588509.627,694.3489,5351434.023,648.8988,6041095.442,707.6273,6165563.677
Angola,101.91877,286469.6001,112.17697,202912.6945,116.99946,94186.6146,106.75158,157988.8692,101.83017,1198673.405,105.27903,1107829.058,118.654335,830765.1793,117.90763,1252607.031,96.311485,1446131.205
Argentina,981.39813,4341169.706,979.85767,4323284.467,996.94006,4201481.505,992.4242,4033336.554,991.3971,6432468.081,984.3456,6422811.9,927.35834,6097394.45,869.82855,7001255.51,958.46265,7076333.065
Armenia,43.05361,55620.78611,43.884068,49525.53194,40.660046,37043.24643,40.950134,40210.0636,43.64147,73335.62467,42.928493,64046.47512,45.634823,76080.61245,47.936787,85659.26241,49.357056,101351.4539
Australia,1555.586,2082111.409,1566.4581,1444409.448,1601.2705,665808.9922,1606.5027,395238.1435,1601.6459,7282858.793,1624.9872,6425731.419,1679.8438,5473835.669,1585.1263,8351385.066,1589.0751,8910262.223
Austria,410.85233,364091.1751,394.88925,367770.4277,396.38324,350857.6683,409.6511,352834.9906,417.56863,465833.3962,408.4021,459146.898,427.9604,464021.8133,400.14407,473482.7466,406.03314,532824.5653
Azerbaijan,154.21175,375424.0742,157.24129,362298.5855,171.82614,310476.6995,170.19234,291595.8433,166.95396,456125.0327,176.16669,424658.9927,185.8906,452699.2886,184.92851,479390.4739,197.54944,537299.0032
Bahamas,12.594334,30446.48018,12.363687,28924.39975,11.819098,27853.90396,12.373412,22843.44377,14.754933,32907.37067,16.02692,31608.39614,16.035286,29012.14184,13.536436,32407.7338,14.459775,35204.18171
Bahrain,203.59215,131206.729,201.82355,136222.5171,203.60542,141628.3452,203.15282,151632.2679,209.00795,152424.3754,211.63669,155404.9261,232.19562,169796.8655,230.62811,181235.6325,235.74854,173780.0419
Bangladesh,306.46094,240744.2035,318.4197,239934.5117,385.0179,280025.2681,386.63824,230137.769,402.8385,370473.5847,430.20114,398296.8017,482.46228,379030.7602,457.2916,432583.3689,492.38055,466870.9509
Barbados,7.385999,7719.183165,6.423336,7609.882534,6.83276,7458.907853,6.9711556,7423.170495,6.6088576,7915.762521,7.019272,8014.826886,7.0530257,8310.35884,6.0569825,7698.437141,6.475003,7791.195026
Belarus,294.2054,719313.2415,294.86273,608711.0897,266.9616,511382.4061,272.79758,499897.1247,277.83994,716268.9127,307.21524,757039.3113,308.7904,746173.0817,286.5444,721540.8976,306.05542,942402.6229
Belgium,701.9301,885764.4544,650.87177,895852.4093,657.449,876561.754,709.50476,886789.5335,716.0581,907877.1075,714.2254,934869.006,738.434,922470.457,664.01184,917962.1385,738.3453,898131.3462
Belize,3.3377864,17060.37876,3.3195853,15609.02136,3.670005,19001.95963,3.6743054,13771.86419,4.083113,30364.24596,3.6473157,31313.81396,3.8457918,29306.72017,2.8539426,37595.68173,2.9753036,38217.93684
Benin,19.48076,46548.2631,20.595615,26238.15177,22.778463,41718.52705,27.778744,19360.23575,29.458447,121539.8511,32.67928,131822.5251,29.695702,94391.58961,31.843231,155737.9207,32.294933,155760.2159
Bhutan,17.94188,29380.7273,17.1782,25849.13103,17.990313,33762.47419,18.51358,14645.37948,18.394636,53570.51767,17.633875,54540.00757,20.914705,47864.77727,20.543457,59733.00676,21.603115,65790.33698
Bolivia,83.94523,346563.2299,84.83242,237808.9027,88.927635,235239.4437,92.095825,316216.7274,90.77874,1137163.983,93.88063,1100398.389,93.07756,890309.6683,78.06891,1342232.845,85.30703,1395820.162
Bosnia & Herzegovina,73.227455,159631.0849,70.906006,157442.3488,71.01475,147093.5681,72.58786,151619.6649,72.034004,213319.8775,73.24684,205338.797,69.54784,215472.0504,64.59231,225262.4257,75.275955,257812.4631
Botswana,19.159739,165543.3612,19.243532,96618.4813,23.44811,6555.05305,25.792757,-41.4309006,23.729675,544683.0888,23.526642,487019.0998,23.667168,394995.3945,22.518124,591420.6533,24.29339,647052.9172
Brazil,3473.9395,8156083.835,3564.4182,7841806.379,3516.9568,7858027.563,3432.1653,7148096.358,3462.9932,14140363.34,3475.9683,14113773.66,3532.9504,12577067.05,3394.3682,15876568.58,3570.6697,16531129.11
Bulgaria,198.10829,321436.2983,211.55034,316136.405,224.68042,291561.2884,213.11739,295138.702,218.17448,439460.6902,218.81418,407637.8682,211.5514,426010.0442,195.37389,458668.6052,221.89557,502645.8152
Burkina Faso,13.221638,97670.52929,12.312724,61202.36388,15.648824,94104.165,15.036379,42384.73651,17.42735,274909.5787,19.380987,287162.3167,19.840307,209508.0211,18.917995,333564.175,19.995071,368785.6905
Burundi,2.201248,7480.285519,2.058344,6017.485092,2.078433,6011.256257,2.2725782,1332.034968,2.754312,22299.73091,3.3419418,22999.29787,3.673369,19213.23934,3.5324557,29239.36564,3.6886592,36762.83852
Cambodia,27.991207,43964.10369,30.90454,14598.35038,35.448734,65624.24119,44.197952,-6776.442441,46.705288,155283.6652,58.891613,153223.0363,65.95679,143352.184,64.253365,242936.472,66.93809,245081.5825
Cameroon,34.61895,142365.4003,43.29559,30977.40202,43.45693,141048.5465,42.342575,15083.44787,43.015976,406974.8036,43.80294,404827.6009,44.35206,324837.9545,46.57453,527528.7031,43.344273,494265.2996
Canada,3999.0527,48452974.21,4007.7463,50593313.87,4019.3127,71560220.1,3983.994,56898257.66,4038.1782,70941847.42,4090.1682,59531665.09,4067.8503,59732385.8,3821.6829,56319396.66,3866.976,63471170.55
Cape Verde,3.583382,5293.69091,3.8647695,5314.956425,3.818471,5341.204705,3.9881656,5215.815963,4.2311363,9060.485628,4.2816496,9440.664119,4.2608,8741.674174,4.049204,10000.35892,4.2622404,10405.98032
Central African Republic,0.9931126,74825.08232,1.1432436,-24562.35095,1.4313644,111516.2414,1.5070812,-38574.66702,1.5073513,474610.1476,1.5409663,499528.793,1.5585275,367686.5605,1.4999926,637018.671,1.561469,592426.0537
Chad,4.0028453,389534.4403,4.160346,185396.5484,4.218693,365502.7924,4.182099,35973.22593,6.732162,1138256.13,7.132974,1093786.268,7.389022,818726.1987,6.2003345,1402060.187,6.2046566,1371637.736
Chile,413.7593,930498.358,409.53394,952468.4575,414.2298,808103.5147,433.90335,866661.0794,450.3469,1504945.534,468.27765,1552551.823,473.9787,1451637.269,442.47766,1720747.699,476.857,1816700.312
China,33852.562,19840263.36,34729.066,19202588.02,35135.99,18545769.17,35277.71,17189266.56,36649.383,27976389.64,38409.645,28380616.55,40188.543,30008109.44,41493.71,33213839.2,43847.004,37180284.12
Colombia,485.0396,985024.2396,510.58585,862603.3517,483.40317,1026095.825,544.61725,794709.7447,549.7021,1602482.115,558.41876,1723059.966,563.1924,1521660.447,512.58594,1895240.663,574.74524,1880215.626
Comoros,0.78530526,345.9460761,0.7014616,151.7769712,0.75678515,-50.22146089,0.8873186,-67.49131468,1.1367831,1519.71167,1.2369027,1527.745243,1.3334004,1225.186589,1.2721838,1946.074934,1.342369,2238.851218
Costa Rica,55.670418,139263.6126,56.80869,139094.3232,59.283073,144827.2537,60.83589,131670.6485,63.17111,170202.9495,64.53538,172959.0359,66.162155,168418.9375,58.84567,179884.6848,61.628967,180743.418
Croatia,96.07299,344449.4022,96.00875,357460.2387,91.01988,335500.5953,94.73056,340367.4332,94.7834,414043.7538,98.16044,396481.3575,95.81319,398973.1454,91.37846,400109.3065,98.31208,426217.5753
Cuba,125.37503,182683.7852,127.56847,181391.4591,127.91406,198099.7151,99.81311,177485.8917,106.08925,262893.8941,111.2338,258048.3526,108.710625,244468.227,101.7874,273514.8805,103.89113,271716.6813
Cyprus,28.278452,93359.76521,28.294397,96427.38751,29.184475,96044.13429,31.736937,97170.11038,32.595684,108597.0529,32.462143,110311.9435,32.4935,104647.2375,28.281317,100308.9604,29.841984,102479.8248
Democratic People's Republic of Korea,118.56006,91054.91142,111.504944,55675.65847,98.72228,47456.93653,114.25802,38588.54804,93.33703,157193.899,96.75321,151934.2137,98.323105,156374.4754,99.829216,181571.9808,99.5751,211374.9482
Democratic Republic of the Congo,30.831583,279214.2043,29.33179,88982.62038,29.581387,295556.1238,28.268084,7217.523551,21.170794,1787057.786,19.616518,1867570.159,16.009293,1380529.798,13.568663,2176222.7,13.7025585,2375335.96
Denmark,211.70235,310739.3054,203.5635,287426.6459,198.9746,260117.9334,201.60147,276121.3574,202.98541,319550.5288,200.11829,338502.6694,196.04588,325731.7688,176.48528,342863.0843,189.43509,389634.3886
Djibouti,3.7283626,6027.618779,4.138329,3294.254116,3.6496913,7145.981271,3.48905,1553.450898,3.1583176,22120.14536,3.3127282,22613.44939,3.059594,18037.58322,2.9453895,26683.1602,3.0790696,27311.42502
Dominica,0.7586231,1010.923174,0.78279257,975.9646234,0.8130677,1076.801896,0.850164,787.2854417,0.79398596,1339.041994,0.8187616,1081.226086,0.789469,1259.686348,0.7241603,1699.167877,0.76402795,1690.388776
Dominican Republic,91.43549,146237.4054,87.788315,150160.6061,97.34283,161471.9668,103.54014,158295.6109,102.12164,207830.5159,112.90603,223140.6767,120.77078,238517.2408,104.46019,260193.7943,111.04068,293231.8462
Ecuador,179.50916,478681.0252,188.56316,512620.9154,188.04614,533346.4499,187.40384,554351.5064,195.10971,732241.9938,206.38023,797789.5394,211.3331,766890.9263,182.8624,836823.5452,212.59688,880874.2984
Egypt,973.26874,3328080.916,961.9715,3160759.458,976.1081,3186596.199,1030.2607,3106160.592,1070.7452,4084223.156,1071.3456,3875479.851,1051.1061,3868441.418,989.0688,4060655.635,1058.7433,4444227.319
El Salvador,36.514393,50101.81257,37.35043,48434.36635,38.633717,55522.55042,38.950665,48043.54632,38.684814,67414.9437,41.71052,67731.43403,45.666763,65306.81662,42.259533,71678.97644,44.681767,76913.16014
Equatorial Guinea,33.239258,22317.83182,31.289293,18453.25614,27.943586,27170.6056,27.598911,14998.39181,30.995258,41063.80224,28.107082,41351.62277,27.40286,33263.92066,18.08033,43236.54183,20.266384,39513.95845
Eritrea,2.2805402,18496.09519,2.3813727,-3208.269327,2.3641987,19675.90657,2.4062965,-17639.26637,2.643787,99002.65559,3.018665,93146.47609,3.276569,67263.70115,3.1348097,119084.7307,3.3107688,122448.136
Estonia,77.46338,281903.3854,74.16147,229391.6342,68.6264,212031.6659,70.76302,247656.9929,78.48448,276943.4634,77.879,300202.0925,62.760654,324953.562,58.73331,276601.2073,61.401203,359954.4479
Ethiopia,61.418804,239166.6883,69.58626,10902.51958,73.31093,290203.6451,84.99689,-49217.88264,86.0149,925498.6989,91.52436,975122.7617,105.21818,730652.8117,100.7959,1179529.613,104.836815,1252847.478
Fiji,6.8536205,6240.049221,7.2206216,3885.049489,7.5502286,4412.167615,7.4337616,2552.422019,8.07573,19052.57855,8.561964,18123.28313,8.649831,14557.73268,8.312041,22236.78457,8.527583,23957.11044
Finland,341.8005,3578751.847,329.82288,2746600.652,328.8933,3434482.31,334.08334,3637224.114,327.2159,3894566.933,333.84097,3420762.133,326.9818,3883615.214,313.94992,3372994.622,320.63977,4061291.655
France,2924.1458,4546697.656,2796.8435,4762497.458,2822.273,4617221.82,2765.4526,4453251.587,2754.9192,4879317.652,2788.956,4825535.183,2729.5625,4679218.722,2441.1663,4644021.518,2593.6248,4646419.814
Gabon,20.430458,137013.9959,21.331526,86515.91826,20.505322,135383.9373,20.321144,56510.03315,21.514389,261112.8512,19.279465,293148.9845,16.65867,221443.5687,19.182198,298237.5214,18.752058,308198.695
Gambia,2.0487888,6857.988298,2.2650769,5875.509135,2.3181598,6993.431957,2.336837,4623.066044,2.3769746,13621.89248,2.3929524,14426.237,2.440309,11708.83039,2.330364,16733.74042,2.458489,19282.06665
Georgia,61.590626,177189.6391,64.329315,160467.2639,68.213394,140082.3359,72.10096,142628.8199,71.68798,225905.3587,73.12045,204485.779,74.13174,227109.5242,70.41069,253300.5402,78.29672,275016.9532
Germany,3868.517,2782109.264,3710.4646,2812461.545,3780.8599,2791256.808,3841.4512,2719211.196,3888.1333,3208408.125,3787.6824,3303504.618,3694.8396,3233993.665,3443.882,3340023.331,3544.581,3487802.492
Ghana,74.27885,211686.2103,75.372475,181402.2135,82.1962,213658.0166,83.19528,224700.8364,83.3517,438530.3184,96.07844,483347.5516,98.84115,441731.7097,112.12157,598276.4031,114.36937,691787.6427
Greece,328.3033,730089.9322,307.91022,717055.5929,311.72308,698017.278,306.9926,696262.893,322.1973,882015.2733,324.0658,851096.7644,316.8873,889907.363,276.95612,941696.7053,302.5362,999638.0214
Grenada,1.3468796,1876.374248,1.138644,1710.90507,1.1850467,1694.484158,1.2207305,1579.966243,1.3271629,1784.126891,1.3067567,1801.620199,1.3078552,1721.431281,1.1029536,1729.447326,1.1754613,1739.138727
Guatemala,68.00804,150898.99,71.687744,146880.243,80.04745,167641.2654,87.28228,149982.6759,94.63285,240572.9933,97.299934,238972.0284,100.10175,225062.3664,99.5661,263719.4711,100.58174,276940.2799
Guinea,10.857174,108306.2675,11.221065,60175.3309,13.61675,94690.58165,15.340269,49900.24321,15.4381895,265474.8195,14.087817,270034.3011,15.476092,198932.9331,17.914892,307244.8671,17.34148,326508.5256
Guinea-Bissau,1.5058649,11664.22988,1.5821962,4874.747874,1.6366516,12126.44621,1.7039256,3224.478599,1.3791065,32160.40381,1.3856009,34780.08647,1.3854842,25815.82083,1.3230809,39477.68173,1.3957903,42690.75288
Guyana,8.391866,59630.61293,8.370713,34874.98791,8.49344,62794.37817,9.590764,10313.84605,9.509585,185698.8013,9.717782,187355.7195,11.330115,165354.5834,11.014605,226058.0628,11.014605,242750.4353
Haiti,11.038771,16828.7366,11.895988,13570.82978,13.570336,14756.20418,14.088038,10474.35107,13.984254,33137.12406,14.597323,32551.82264,13.217826,26316.78832,11.0476675,34415.67557,11.801085,37564.74903
Honduras,41.480186,137634.0852,45.447643,128528.8294,50.56032,149176.0333,49.596046,120750.6511,52.525883,216147.2883,57.746044,211439.066,56.173466,198206.6653,51.09921,233775.6406,52.285263,235240.1159
Hungary,238.04141,454891.9569,238.26877,464402.5259,251.03966,420851.7728,255.4948,426215.202,269.29346,537295.7814,271.20258,534416.177,274.8925,549390.7057,270.3273,563753.1973,283.95834,634774.7548
Iceland,58.71669,971206.8417,58.62973,1015721.095,61.207317,1313059.579,61.441673,1102416.904,64.24559,1141249.696,66.45856,1011986.4,63.328125,1033499.442,58.08151,1030481.438,60.644577,1033500.03
India,7178.7197,8478819.261,7664.0034,8591901.155,7929.679,9327735.08,8284.972,8869950.944,8600.742,11761540.31,9088.107,12123519.12,9317.351,12174053.94,8828.374,13060047.79,9585.078,13759595.41
Indonesia,1809.8263,1009309.214,1839.6007,1325502.547,1866.1007,1988579.513,1896.8113,1624236.76,1967.7083,2861289.082,2151.6267,3241878.972,2299.6296,3030467.348,2163.7532,3507812.95,2214.0532,3558255.619
Iran (Islamic Republic of),2652.0325,5541435.466,2768.922,5981388.849,2735.8362,6015613.183,2884.797,6643259.308,2995.331,9197694.421,3095.9187,8733572.747,3263.9712,7908336.531,3387.9543,8222811.383,3322.0579,9271964.992
Iraq,470.12567,4171955.083,455.2057,4516198.54,447.09543,5227843.513,485.35147,5573637.022,567.4052,6224434.724,590.49176,6036430.776,639.68274,6111355.031,571.86237,6056934.973,592.7278,6459525.018
Ireland,164.99734,353022.2665,164.55302,406796.5189,173.913,395327.5792,181.63763,380044.2154,182.40254,433410.4028,186.47433,453047.8885,187.35852,442068.1643,176.07672,440447.4702,179.446,451452.8859
Israel,267.18036,614205.8319,260.6474,647988.1235,275.05713,636111.7009,280.5702,659275.9243,285.68524,698132.1352,292.21167,714760.7249,301.50592,732503.1912,285.13525,731849.234,292.04428,791751.8652
Italy,1858.6002,4725955.165,1762.3201,4755603.231,1814.7657,4680055.679,1821.9315,4681601.415,1843.1206,5162888.247,1853.6401,5020791.269,1819.5557,5125500.694,1651.9623,5126108.791,1768.6172,5296248.341
Jamaica,35.42048,55088.30569,34.90134,52724.4998,35.997795,54018.71623,37.267353,53511.85536,33.539192,62854.29505,34.684174,63385.2339,43.29625,64127.5779,34.123722,64904.93953,34.59914,66824.15298
Japan,5575.617,2710902.942,5431.2173,2541432.859,5363.93,2463633.044,5295.605,2406517.409,5354.6772,2889518.421,5316.556,2860563.649,5205.5366,2861899.913,4825.2485,2852036.769,5037.4814,2977955.172
Jordan,98.46778,302460.5289,101.033775,330757.1029,109.15669,341354.4996,116.34625,365407.6022,120.371185,496704.5851,117.50013,532623.6558,120.44836,563954.0632,107.51725,572947.7857,102.37639,627309.6125
Kazakhstan,731.60547,5478111.232,769.1109,5426659.578,635.9098,4106490.035,711.3266,3594316.681,764.92584,7013242.241,789.19745,6057684.913,798.71204,6416270.031,735.9369,6955808.499,822.2053,8021741.705
Kenya,72.58364,174654.7274,75.852745,102208.418,89.5755,253967.0312,94.18906,125237.1436,94.94264,596679.7086,102.26798,626377.7697,99.16891,535453.7217,98.88311,732011.013,103.50374,867198.4473
Kiribati,0.24217412,8.755949164,0.24384083,-44.52652987,0.26302695,24.46157731,0.28223434,-39.41337195,0.3183175,261.7668251,0.32035,263.6684659,0.32211494,211.396111,0.30576795,364.904492,0.31533784,382.7858941
Kuwait,424.3276,592288.9409,413.6533,651805.0824,444.58252,596875.6578,442.9686,642077.9342,445.47583,620821.0347,459.94553,667711.9858,420.26105,653151.6693,397.88113,671166.6733,424.15015,693881.5946
Kyrgyzstan,71.8661,309604.1804,73.127846,275866.5678,65.63956,216964.3909,66.99369,205420.9841,69.38583,449095.0414,73.30649,415800.8658,66.91757,451956.5115,67.0747,497919.6085,60.542263,571778.6772
Lao People's Democratic Republic,47.307285,80828.50237,48.08162,61496.12016,70.62649,108200.3412,120.128654,27333.20357,121.92248,257778.4738,126.88351,227731.7186,131.63283,196681.6931,143.98279,293394.8667,139.94064,292219.9733
Latvia,44.23667,232509.3669,40.747486,223074.2015,41.74564,183516.0957,44.49915,190219.5675,48.978153,275525.1467,43.564484,282914.684,44.83716,305750.6771,40.858128,271136.6189,42.6252,351720.8965
Lebanon,89.2734,163448.2199,91.99911,171315.2103,101.51782,168198.2135,104.42425,183764.8604,111.53107,221376.0282,105.1971,226777.7751,106.661156,229281.0063,103.86615,191598.274,105.31844,143734.036
Lesotho,4.2373376,19811.60466,4.3456836,17731.5773,4.2430806,9881.357777,4.593167,8604.69441,4.89175,36875.30133,4.7961416,34383.02615,4.871765,32278.58267,4.7167816,43039.48559,4.8659377,44345.11035
Liberia,3.6788895,51131.74583,4.844483,28339.09158,4.862246,53420.6682,5.590125,29432.38203,4.831436,96291.01998,5.4881964,112685.9732,5.4879627,77532.30587,5.240454,118473.7553,5.528998,124843.7666
Libyan Arab Jamahiriya,231.87094,1871821.269,226.45312,1666318.857,180.20953,1627699.717,176.38931,1269204.815,199.04042,2976874.267,205.10458,2842169.929,212.98204,2672773.523,186.52736,2773821.863,190.40862,3583269.774
Lithuania,63.415512,243175.6066,61.20458,230558.0722,64.11229,193206.5478,65.726395,203743.2542,69.15024,300537.4842,70.969444,316555.8453,70.59712,319134.7225,70.29448,311901.4723,70.14949,402937.8938
Luxembourg,45.692364,54417.2828,44.27421,51782.15924,43.034466,52358.13979,42.459232,52619.76796,44.354897,55416.23716,46.43095,60500.73602,47.288246,57495.37753,40.540794,59834.05293,43.215237,60918.79113
Madagascar,14.159686,113312.8797,15.377752,75864.98334,16.817646,-9961.228696,17.63125,19364.27577,16.164988,493708.2434,15.560264,456838.5843,18.68685,366289.1175,12.630883,556367.4257,14.678847,628166.5525
Malawi,9.690505,39612.33924,9.974371,28213.40862,9.610899,16675.46032,10.123318,13852.98358,10.431984,123791.4757,9.962464,112161.1605,10.147229,89948.69258,9.751647,131306.5944,9.248383,153848.8921
Malaysia,1086.7379,684227.6008,1097.6155,1011891.627,1114.5746,1094785.367,1172.3032,1088949.895,1188.4774,1350410.759,1209.5756,1473358.266,1240.7814,1410791.013,1196.4292,1544688.358,1246.6495,1448048.755
Maldives,6.577692,109.28774,8.817265,120.3987801,6.5987864,133.8996818,7.0005317,161.1679851,7.2642756,214.5215609,8.336382,216.1797163,9.367838,222.756783,8.90442,223.049445,9.214026,263.5369749
Mali,14.117615,509786.8637,15.7832155,387313.5575,17.25754,479417.9735,21.920076,242190.4802,23.833948,1294145.227,24.793644,1279415.875,25.333214,968904.6939,24.256605,1531249.457,25.59745,1671375.266
Malta,26.145313,22985.85981,26.757277,23347.22375,29.281233,23034.99307,32.549335,23142.86859,37.07361,24406.43763,38.70257,24228.29609,40.33273,24360.3547,37.139946,24742.93414,39.150482,24897.34793
Mauritania,9.61238,515396.0738,11.508354,421433.8003,11.6624155,460909.2722,10.890152,290932.3587,16.321316,1137381.72,17.400463,1115119.331,18.18961,893506.5674,17.476068,1363061.84,18.407001,1489554.666
Mauritius,22.076933,15035.54065,22.75332,14778.23011,23.596943,14287.40012,24.530706,14769.86049,26.913525,17254.31422,28.407331,17653.88943,29.555481,17998.54328,24.976973,18316.48985,25.62087,19329.06003
Mexico,2242.8577,4571800.488,2230.574,4570165.237,2205.4211,4449530.147,2253.398,4151520.857,2293.2642,5915760.088,2265.2773,5954188.739,2241.414,5801260.643,2041.9174,6733713.225,2175.8943,7338779.35
"Moldova, Republic of",44.53569,73565.74752,42.5979,77378.49891,38.07466,58165.64812,38.05067,57841.77558,38.688618,93141.89366,41.25079,98461.22275,41.943604,102242.5578,40.321323,113260.6985,49.003654,140545.6124
Mongolia,58.388344,1499163.404,57.184326,1472080.414,56.871716,1140125.167,59.658356,1042134.536,65.15187,2719235.905,71.14611,2363171.311,78.48155,2528308.023,67.12849,2887573.651,75.01601,3329073.229
Montenegro,14.504869,49052.8443,12.961574,47948.9726,13.335471,46906.46,13.316369,46174.90253,12.434129,62031.3969,13.799068,60316.68226,12.898393,62024.33662,11.286774,63822.48736,11.891775,72152.3018
Morocco,213.97916,844268.8873,217.02507,915783.5445,220.8588,922951.7324,223.32423,944656.4406,233.80072,1338127.696,241.81398,1295879.442,263.84097,1329964.017,242.53397,1451301.521,269.05447,1499014.893
Mozambique,70.08058,201616.9373,77.782234,147482.3177,82.61792,72361.72886,84.95021,27098.43602,85.286446,766720.98,70.11783,686622.3965,74.10616,541814.5388,70.10905,831468.7102,71.891975,939459.0216
Myanmar,103.47361,306302.1473,120.964806,249910.0735,112.87985,396550.1164,129.81372,130878.7922,167.52669,817680.2076,172.26006,809432.2824,169.58122,690925.8161,170.05164,990724.7063,164.88298,1006697.887
Namibia,20.532598,214870.3367,21.837519,181052.5862,22.858814,18281.93484,22.909967,-32341.91704,23.574385,779383.3927,23.27655,699776.1935,22.642365,531105.2005,22.303202,861701.9309,22.134443,866141.9178
Nauru,0.28915864,179.2710623,0.31222987,305.67888,0.33247906,282.9685816,0.3648832,307.5789699,0.28691924,336.8199022,0.33700904,351.9009054,0.27236113,296.5727883,0.2608771,365.7364,0.27083334,392.3360423
Nepal,27.945059,121063.1426,30.193071,115988.267,27.033157,137561.3836,39.73368,77584.54813,45.509377,220010.3808,49.9894,216175.681,49.032063,207996.9528,49.24105,266022.4977,48.285286,295208.5839
Netherlands,1062.885,1649483.542,1016.3307,1604848.885,1026.0321,1491838.517,1044.014,1530388.395,1052.2062,1510463.525,1026.7698,1526103.951,1022.32947,1491015.548,990.14575,1394856.957,1014.6149,1338446.467
New Zealand,239.56792,307233.1342,250.67665,283003.9039,252.19344,264209.9745,255.68533,229909.0639,259.8468,509629.523,258.47,479207.5453,263.68475,417793.3572,239.25703,524403.2465,235.5494,531624.1896
Nicaragua,24.426323,80423.30481,25.913784,61746.63565,28.355658,81651.03407,28.442665,59709.38497,28.35997,151680.7404,28.144852,157287.2743,28.157967,139684.0861,28.629322,190353.2823,29.219433,193495.2547
Niger,10.34247,475508.0379,9.81472,313795.0314,10.3649645,414477.438,9.681235,148851.3057,9.415173,1143161.245,10.389251,1109632.103,10.982877,858883.8401,10.765667,1388381.417,10.34748,1434488.42
Nigeria,444.87653,1038587.017,485.73407,777484.1631,459.22278,1054309.036,469.5742,630232.1015,456.4197,1510099.483,488.3947,1662208.022,504.77087,1355188.688,509.3741,1790493.046,543.7368,1717818.241
Norway,524.0741,2933258.231,542.8855,2661749.013,550.1978,3230362.819,558.5242,3189409.192,561.08185,3566132.31,552.5391,3277650.73,516.76984,3405410.085,557.34674,3063754.774,568.4789,3523940.746
Oman,317.48486,911145.5186,315.79758,967411.9879,337.249,997699.5377,338.48645,987875.2877,353.37772,1301396.819,375.74258,1284201.087,373.15045,1248251.401,360.4911,1234169.735,393.38873,1259103.123
Pakistan,751.74243,1253912.103,775.93536,1195715.428,815.85895,1165207.554,542.20074,1028301.039,940.99817,1971653.129,971.03046,1948091.967,982.5163,1843390.183,977.2168,2076959.385,1083.7913,2276229.874
Panama,100.602745,99986.25349,102.87565,92822.84012,112.3791,109285.2349,118.755165,93571.02357,127.71585,153393.5367,130.1864,164983.4061,117.984116,158077.2735,118.70061,182743.9249,117.77596,183370.6927
Papua New Guinea,22.518286,22504.29306,23.83847,-49767.35319,27.527002,78453.08845,29.219704,17195.2018,28.238922,327038.2651,29.388498,348084.6614,30.149662,277682.3518,21.09696,402435.5225,21.12761,419438.1264
Paraguay,141.21852,393981.1425,133.65765,362077.4077,137.09798,371020.3771,154.90407,349726.9537,148.94304,697640.5219,149.09532,656422.712,129.97318,602258.1131,122.400375,794956.2241,105.80124,857061.2355
Peru,262.58148,540345.0896,268.82904,380279.4203,281.66946,334464.3287,298.93784,484856.6431,303.5903,1338751.488,318.42453,1401930.144,326.58514,1193574.944,287.86343,1644419.022,327.408,1805929.548
Philippines,384.94003,280243.1428,404.6579,254610.582,443.82196,294643.0157,484.6147,231800.3565,531.86365,502898.6479,549.69855,513661.7349,566.12146,504932.5959,513.7529,591101.7763,545.51025,638021.7635
Poland,1131.3181,2818155.405,1089.3545,2609214.956,1103.0131,2421370.439,1150.2451,2487656.354,1208.289,2859045.908,1222.0825,3012952.573,1187.2677,2979158.254,1139.2343,2884059.605,1224.7583,3433913.26
Portugal,289.6614,1024455.185,291.7736,1050316.119,289.52225,1039298.901,309.8667,1038167.277,301.87787,1125855.713,307.7067,1079441.828,293.05664,1089680.783,265.24768,995387.9668,266.48996,1009877.934
Qatar,482.34198,532693.9474,521.48706,578490.4175,593.3197,612184.0163,582.5708,642291.4614,564.08673,715819.8106,558.8765,767082.4865,583.49774,830614.6839,511.53665,865686.2753,541.8489,892105.7616
Republic of Korea,3225.866,1611376.645,3252.673,1489593.643,3309.5176,1531125.657,3407.431,1569015.978,3445.8071,1766560.727,3503.0505,1824599.648,3462.6758,1861470.696,3346.965,1906779.7,3506.508,1983264.546
Romania,369.5765,836480.4615,379.1164,846175.1162,381.13568,732100.1406,381.0851,754379.5704,387.93585,1024070.813,392.05106,1034325.1,383.81754,1052161.936,369.48853,1138961.631,390.003,1283778.013
Russian Federation,8032.5254,82649260.35,8057.7617,105215837.4,7930.555,108188050.2,8086.0635,95508440.03,8135.742,118790686.5,8432.208,99035616.06,8370.03,106744701.4,8078.97,98822290.46,8335.356,116016108.9
Rwanda,4.3376565,13461.72933,4.586371,14338.96006,5.078819,16638.70649,5.124537,11539.70789,5.6115375,32948.79872,6.1547008,34114.98259,6.7457433,31836.76242,6.532406,41785.49897,6.3453274,49673.64668
Saint Kitts and Nevis,1.0313666,1793.062961,1.0442275,1925.824307,1.0690248,1990.210255,1.0972828,1921.659575,1.096758,2209.296632,1.109576,2413.674025,1.1092261,2441.583498,0.93629295,2283.311423,0.9955214,2289.133201
Saint Lucia,1.8109919,5050.51527,1.8287804,4887.33558,1.8412378,4951.487633,1.8611505,4657.011342,2.017484,5291.03723,1.8545495,5079.434926,2.7253225,5207.096823,2.296203,5304.353401,2.4433672,5233.587138
Saint Vincent and the Grenadines,0.9423633,959.869247,0.97102666,881.1657934,0.9954189,938.406151,0.99340993,861.6956267,1.1439728,1187.327185,1.0528235,1215.725514,0.9069623,1190.937199,0.81501937,1238.327341,0.8603289,1183.009111
Samoa,1.2030401,713.3340318,1.2231327,478.7675438,1.4193091,420.6676159,1.5122826,198.1657633,1.5256896,2885.1863,1.5136653,2806.061529,1.631313,2151.062295,1.5522943,3345.632384,1.5975583,3732.811398
Sao Tome and Principe,0.61556506,1219.481156,0.6155105,1096.871749,0.6436711,1569.694078,0.66496056,1352.663825,0.676261,2368.781632,0.6657166,2373.206796,0.73365,2083.053566,0.70130306,2446.131951,0.7385749,2507.799369
Saudi Arabia,2731.2205,6422476.245,2931.7173,6844181.738,3056.6255,7540052.277,3179.844,7372299.944,3181.8193,9625897.608,3101.6775,9597667.17,2967.3794,9411055.838,2886.4114,9910086.092,2981.9167,10153201.57
Senegal,28.785759,95187.87793,31.947577,84388.97053,37.051647,101918.2738,35.844208,61999.72387,38.039948,232700.4178,39.58574,242432.8156,44.056408,198569.8231,41.623035,285724.9892,42.279724,321006.5655
Serbia,190.3472,525563.5919,169.54901,549189.0955,187.72292,521896.1546,192.31615,532824.162,196.76714,650796.0576,196.85847,659759.7463,196.88872,703101.7124,192.86804,712250.4523,201.68896,785443.524
Seychelles,3.7422965,1309.332299,4.3764224,1270.115385,4.535706,1395.144906,5.050324,1297.972598,5.2665887,1592.166585,4.6721234,1658.948196,4.778491,1530.011682,4.612663,1592.231901,4.891292,1737.002189
Sierra Leone,4.8245325,35801.12199,5.30554,20807.50232,4.3349442,30832.11174,4.432782,17433.42191,4.4046493,75882.40114,4.4665146,80849.67173,4.1280594,57109.66369,3.9566472,87645.84766,4.1479893,92210.94657
Singapore,812.4909,106301.6873,828.2924,114371.8702,878.4029,112765.7016,926.7514,114713.4696,950.00244,114444.9238,950.5948,119370.1928,929.6794,119798.2678,910.51807,119616.9216,910.7139,113255.036
Slovakia,194.58702,251524.3848,181.1199,238560.2887,182.98993,221375.1647,184.74371,227704.5528,194.5947,288168.9189,191.29565,284189.7086,184.84892,285904.0848,181.1254,291182.7862,195.22316,331809.1703
Slovenia,80.778595,100531.6817,82.86102,100700.0312,74.71551,93444.55961,79.85814,94402.21673,80.720924,119113.1276,82.39095,115558.327,80.00229,115246.6064,77.29536,117142.6676,76.58192,129694.951
Solomon Islands,1.6141902,649.4087511,1.5197262,-6123.898935,1.3884337,647.3820893,1.3345238,-5045.891972,1.3268349,17262.39584,1.3894602,15064.78648,1.3684785,13024.21982,1.2975992,22829.10186,1.3393546,26057.07078
Somalia,3.416206,138999.5973,3.416448,72439.79562,3.5448291,198482.5907,3.6269844,19981.53328,3.627606,559154.0677,3.6413927,608819.767,3.6369123,452012.4167,3.5074317,708423.2462,3.7102253,764601.0689
South Africa,1430.1221,1991735.134,1446.7012,1996726.352,1417.7021,1664521.432,1482.439,1637904.171,1476.9373,2831198.293,1421.1741,2670360.19,1485.7,2541960.086,1392.8961,2948077.501,1406.0925,2962289.427
South Sudan,6.313152,87490.49401,6.5313106,-27795.39468,8.003829,125280.5851,7.7284136,-27905.39716,6.7726936,501690.8571,6.9831424,513385.1977,7.8094916,385627.7824,7.4576077,628580.399,7.8676186,651699.218
Spain,1578.5305,4015541.786,1554.2189,4018588.399,1573.1444,3828773.677,1582.9133,3740360.918,1602.0426,4243167.415,1628.6714,4142323.752,1583.871,4200412.879,1422.96,4180859.595,1530.2695,4386326.869
Sri Lanka,79.214134,84087.63499,85.89107,82445.81193,91.3002,99743.21859,100.87174,89849.40954,106.731476,135449.3988,112.36916,140418.3692,113.03538,140520.7726,106.000435,168728.8834,109.63753,171771.4233
Sudan,85.83844,574673.4242,88.02482,309077.5172,91.00936,612598.7635,105.69049,31947.69683,107.986336,1757450.889,107.29716,1719842.562,106.3234,1314180.291,105.689606,2171530.839,105.80567,2174277.923
Suriname,11.753048,48858.9559,11.440299,35312.34079,10.527559,54782.97664,10.940309,21257.47922,12.749405,144197.6135,12.877228,140001.3239,12.984192,131767.2563,12.3576,169101.5349,12.43448,179688.3789
Sweden,603.5434,3281030.84,600.7766,2835055.594,622.0618,3255117.456,609.4006,3302671.665,631.34283,3606722.483,609.1949,3431464.995,625.81903,3441610.314,600.27936,3155707.438,633.67957,3855634.139
Switzerland,359.14597,297542.6784,344.43954,286361.3078,336.3216,286218.6288,316.24518,277794.0752,316.9949,324597.8337,321.45792,315543.8458,335.947,315721.1576,308.59106,314786.0815,298.0824,325842.1948
Syrian Arab Republic,154.28238,394698.5491,137.03278,333961.2207,122.00345,259142.3318,118.85896,254939.8361,119.593094,514161.9998,139.97821,458684.1163,123.70372,513542.3837,115.59429,555202.0286,117.437904,567194.723
Tajikistan,61.830788,212491.747,63.163795,184448.2482,63.24625,158884.2848,65.10699,152051.2952,66.41349,317310.005,70.850876,278011.438,75.084435,299951.4399,74.622086,334099.463,74.83101,373341.7504
Thailand,1312.8635,1244644.562,1357.1696,1260237.151,1377.446,1463786.146,1405.5717,1363250.13,1432.6826,1915927.101,1478.3762,1973810.575,1479.7451,1981532.268,1375.7584,2244272.781,1386.81,2429172.191
The former Yugoslav Republic of Macedonia,30.12023,87132.03021,27.962751,86556.31656,29.476517,82503.97203,30.59213,79785.11066,29.433117,110314.9368,30.42636,103875.243,31.057503,110514.1929,27.707994,118227.3603,28.997852,131590.0869
Timor-Leste,1.9007002,7282.440679,2.1808667,4268.738442,2.13834,5213.942173,2.0929565,3702.493255,2.134672,16145.43174,2.1638384,16259.76796,2.1804886,13788.43164,2.0667233,18405.89231,2.1339822,19975.26198
Togo,9.597932,27702.17784,8.328414,20097.25941,6.4887404,31000.65964,8.692368,22992.27331,8.421565,71651.35734,10.085071,76190.38675,10.749471,59356.80909,9.730233,86853.92363,9.645073,92717.94318
Tonga,0.5056593,447.1346668,0.54864866,397.6571812,0.5736207,452.0365631,0.6066782,447.5644432,0.7202176,880.8101129,0.6288607,876.5536725,0.7203973,925.1909977,0.68865055,1134.447194,0.7102787,1209.542699
Trinidad and Tobago,228.57895,112924.008,228.8344,111021.2253,221.63606,112728.9341,195.77258,105159.4251,207.06696,109223.3597,194.03856,115058.7082,195.2032,117220.4321,169.34329,117045.0993,173.1243,113363.4132
Tunisia,98.607254,416032.2818,108.65896,450427.0719,112.222084,441975.0842,112.01615,453224.3002,118.58322,620102.8713,121.81989,617031.9354,122.03721,632238.812,112.99091,670115.8692,116.7936,718887.8688
Turkey,1412.1876,3474053.679,1454.355,3437899.798,1589.0212,3500313.899,1669.2389,3764113.003,1787.3416,5037692.917,1787.8729,5093318.308,1849.1666,5474630.74,1821.7764,5792347.016,1951.1511,6251843.172
Turkmenistan,268.03357,1236426.755,283.70267,1149609.914,322.79703,1020126.069,349.10052,927749.715,324.88077,1592998.407,366.50565,1400025.459,349.90903,1357286.476,439.79727,1516724.188,443.09784,1644068.659
U.K. of Great Britain and Northern Ireland,2376.7168,3298925.781,2246.046,3388922.69,2281.359,3348067.361,2243.5447,3109265.112,2249.0764,3166860.751,2246.8015,3197625.49,2199.0686,3059529.903,1971.1879,3026525.799,1990.9581,3105162.445
Uganda,22.977688,50484.28713,26.487562,25297.9084,26.524347,76211.69247,29.64469,28147.91816,32.298073,215380.1549,34.92294,212228.8552,34.858654,195446.8394,34.032326,268537.923,35.162792,312432.1504
Ukraine,1369.5685,1779311.149,1208.3707,1717139.229,1003.4079,1287906.603,1049.9954,1389001.968,975.3309,2125554.438,1011.9886,2123523.307,957.66315,2145172.296,918.4516,2164682.786,934.7169,2606097.09
United Arab Emirates,1133.2446,1271865.794,1130.8772,1311552.572,1227.7888,1307943.781,1276.3125,1285286.797,1215.4445,1347949.302,1150.513,1414458.222,1219.0671,1466253.827,1204.6757,1492997.059,1246.315,1602445.986
United Republic of Tanzania,48.820095,220607.2929,51.073086,177286.9691,52.658886,188976.3986,57.78317,77725.13364,52.416847,901547.0925,56.283737,825700.3463,57.2517,647613.1282,56.37248,989166.3409,57.700302,1227426.292
Uruguay,62.865517,270064.6993,64.683334,258679.4421,66.68303,269235.5997,67.64129,247421.473,65.31021,399777.9506,66.96002,384961.6343,68.516846,371655.5581,60.45974,432859.7625,62.75864,452078.7898
Uzbekistan,544.20325,953272.0458,567.4339,852422.5146,538.7107,666951.173,522.3972,640448.4889,535.0315,1141841.593,540.08813,1004643.11,542.1058,1093925.402,539.9758,1227735.487,565.7743,1426545.401
Vanuatu,0.6384758,7022.295854,0.72912383,10127.91704,0.6867209,10108.46935,0.69276536,18375.93086,0.77244866,18528.45166,0.99481606,19639.13777,0.96026534,6427.615939,0.9112493,11791.53943,0.94385636,11627.33024
Venezuela,1037.0094,3687568.152,1013.23816,3919793.886,969.30066,3706806.518,890.0844,3154097.896,872.97437,3168419.318,727.8724,3228253.936,656.968,3748958.112,527.86017,3230207.948,604.086,3465205.551
Vietnam,659.4035,1158085.839,728.0775,1211968.817,826.4728,1480823.437,898.7783,1322629.075,963.6317,1849099.384,1083.2736,2304832.53,1202.6356,2392888.038,1204.3934,2098752.103,1208.5538,2343102.975
Yemen,102.48065,457559.5337,97.00695,384428.3489,52.38784,212234.1378,41.93655,70603.70549,38.71062,528426.5086,36.047256,540194.1924,46.562454,481721.0331,35.254242,668070.2168,35.62147,725234.671
Zambia,48.72951,172746.8254,52.302757,58278.88288,50.614338,76340.8608,47.732758,38125.4674,55.389618,723471.8848,62.3282,672058.234,54.84517,521052.4439,58.65856,733866.4355,66.57597,905009.4792
Zimbabwe,55.37839,119703.1363,54.603966,76336.03644,54.65108,38018.30448,46.64871,21677.15913,45.256546,370902.1158,51.80943,327844.5735,46.11994,277517.2628,41.99676,399242.3835,42.145393,466330.4135
antigua & barbuda,2.9079623,4530.969855,2.9732518,4812.270907,3.0433478,4879.576444,3.0876482,4450.558497,2.9374938,5012.821471,3.0266554,5016.176372,3.0427258,4457.840204,2.5749125,4445.094916,2.7469301,4633.040294
czech republic,490.22104,649979.6389,479.9369,621530.9092,470.71613,612834.1204,464.37427,608137.6149,490.5819,722456.1422,489.02423,728054.6737,477.90494,729791.9217,442.5676,714327.8083,466.40598,791720.4949
